사고일시,요일,시군구,요일_label,노면상태,노면상태_label,기상상태,도로형태,기상상태_label,도로형태_label,사상자합계
2022년 1월 2일 17시,일요일,세종특별자치시 조치원읍,0,건조,0,맑음,교차로 - 교차로안,0,0,1
2022년 1월 3일 07시,월요일,세종특별자치시 어진동,1,건조,0,맑음,단일로 - 기타,0,1,1
2022년 1월 3일 14시,월요일,세종특별자치시 아름동,1,건조,0,맑음,기타 - 기타,0,2,1
2022년 1월 5일 21시,수요일,세종특별자치시 한솔동,2,건조,0,맑음,단일로 - 기타,0,1,1
2022년 1월 5일 22시,수요일,세종특별자치시 조치원읍,2,건조,0,맑음,단일로 - 기타,0,1,1
2022년 1월 6일 08시,목요일,세종특별자치시 새롬동,3,건조,0,맑음,기타 - 기타,0,2,1
2022년 1월 7일 20시,금요일,세종특별자치시 소담동,4,건조,0,맑음,단일로 - 기타,0,1,1
2022년 1월 7일 20시,금요일,세종특별자치시 고운동,4,건조,0,맑음,교차로 - 교차로안,0,0,1
2022년 1월 9일 09시,일요일,세종특별자치시 연동면,0,건조,0,맑음,단일로 - 고가도로위,0,3,1
2022년 1월 9일 18시,일요일,세종특별자치시 조치원읍,0,건조,0,맑음,교차로 - 교차로안,0,0,1
2022년 1월 10일 21시,월요일,세종특별자치시 어진동,1,건조,0,맑음,교차로 - 교차로부근,0,4,2
2022년 1월 11일 18시,화요일,세종특별자치시 다정동,5,건조,0,맑음,교차로 - 교차로안,0,0,2
2022년 1월 12일 19시,수요일,세종특별자치시 집현동,2,건조,0,맑음,교차로 - 교차로안,0,0,1
2022년 1월 13일 08시,목요일,세종특별자치시 어진동,3,건조,0,맑음,단일로 - 기타,0,1,1
2022년 1월 13일 18시,목요일,세종특별자치시 다정동,3,건조,0,맑음,단일로 - 기타,0,1,2
2022년 1월 13일 19시,목요일,세종특별자치시 나성동,3,건조,0,맑음,교차로 - 교차로안,0,0,1
2022년 1월 13일 22시,목요일,세종특별자치시 소담동,3,건조,0,맑음,교차로 - 교차로안,0,0,1
2022년 1월 14일 11시,금요일,세종특별자치시 조치원읍,4,건조,0,맑음,주차장 - 주차장,0,5,1
2022년 1월 14일 12시,금요일,세종특별자치시 연기면,4,건조,0,맑음,기타 - 기타,0,2,1
2022년 1월 14일 12시,금요일,세종특별자치시 다정동,4,건조,0,맑음,기타 - 기타,0,2,1
2022년 1월 14일 16시,금요일,세종특별자치시 집현동,4,건조,0,맑음,기타 - 기타,0,2,1
2022년 1월 14일 19시,금요일,세종특별자치시 아름동,4,건조,0,맑음,교차로 - 교차로부근,0,4,1
2022년 1월 14일 19시,금요일,세종특별자치시 고운동,4,건조,0,맑음,교차로 - 교차로안,0,0,1
2022년 1월 14일 20시,금요일,세종특별자치시 나성동,4,건조,0,맑음,교차로 - 교차로안,0,0,2
2022년 1월 15일 10시,토요일,세종특별자치시 조치원읍,6,건조,0,맑음,교차로 - 교차로부근,0,4,1
2022년 1월 17일 21시,월요일,세종특별자치시 종촌동,1,건조,0,맑음,교차로 - 교차로안,0,0,1
2022년 1월 18일 08시,화요일,세종특별자치시 연기면,5,건조,0,흐림,교차로 - 교차로안,1,0,1
2022년 1월 18일 09시,화요일,세종특별자치시 소정면,5,건조,0,맑음,교차로 - 교차로부근,0,4,1
2022년 1월 19일 21시,수요일,세종특별자치시 장군면,2,건조,0,맑음,단일로 - 기타,0,1,2
2022년 1월 19일 22시,수요일,세종특별자치시 연기면,2,젖음/습기,1,눈,기타 - 기타,2,2,3
2022년 1월 20일 18시,목요일,세종특별자치시 전동면,3,건조,0,맑음,단일로 - 기타,0,1,1
2022년 1월 20일 18시,목요일,세종특별자치시 어진동,3,건조,0,기타,교차로 - 교차로안,3,0,1
2022년 1월 20일 22시,목요일,세종특별자치시 소정면,3,건조,0,맑음,단일로 - 기타,0,1,2
2022년 1월 22일 10시,토요일,세종특별자치시 아름동,6,건조,0,맑음,단일로 - 기타,0,1,1
2022년 1월 23일 18시,일요일,세종특별자치시 다정동,0,건조,0,맑음,단일로 - 기타,0,1,1
2022년 1월 26일 10시,수요일,세종특별자치시 종촌동,2,건조,0,맑음,기타 - 기타,0,2,1
2022년 1월 26일 18시,수요일,세종특별자치시 조치원읍,2,건조,0,맑음,교차로 - 교차로안,0,0,1
2022년 1월 26일 19시,수요일,세종특별자치시 새롬동,2,건조,0,맑음,교차로 - 교차로안,0,0,1
2022년 1월 27일 11시,목요일,세종특별자치시 부강면,3,건조,0,맑음,교차로 - 교차로부근,0,4,1
2022년 1월 28일 10시,금요일,세종특별자치시 다정동,4,건조,0,맑음,단일로 - 터널,0,6,2
2022년 1월 28일 14시,금요일,세종특별자치시 나성동,4,건조,0,맑음,교차로 - 교차로부근,0,4,2
2022년 1월 28일 15시,금요일,세종특별자치시 조치원읍,4,건조,0,맑음,교차로 - 교차로안,0,0,1
2022년 1월 29일 08시,토요일,세종특별자치시 조치원읍,6,건조,0,맑음,교차로 - 교차로안,0,0,1
2022년 1월 29일 18시,토요일,세종특별자치시 소정면,6,건조,0,맑음,단일로 - 기타,0,1,1
2022년 1월 30일 19시,일요일,세종특별자치시 장군면,0,건조,0,맑음,단일로 - 기타,0,1,1
2022년 1월 31일 12시,월요일,세종특별자치시 장군면,1,건조,0,맑음,기타 - 기타,0,2,1
2022년 2월 1일 00시,화요일,세종특별자치시 연기면,5,젖음/습기,1,눈,단일로 - 기타,2,1,1
2022년 2월 1일 16시,화요일,세종특별자치시 보람동,5,건조,0,맑음,단일로 - 터널,0,6,1
2022년 2월 3일 20시,목요일,세종특별자치시 소담동,3,건조,0,맑음,교차로 - 교차로안,0,0,1
2022년 2월 4일 17시,금요일,세종특별자치시 보람동,4,건조,0,맑음,교차로 - 교차로횡단보도내,0,7,1
2022년 2월 4일 17시,금요일,세종특별자치시 고운동,4,건조,0,맑음,단일로 - 기타,0,1,1
2022년 2월 4일 21시,금요일,세종특별자치시 어진동,4,젖음/습기,1,눈,교차로 - 교차로안,2,0,3
2022년 2월 6일 18시,일요일,세종특별자치시 한솔동,0,건조,0,맑음,교차로 - 교차로안,0,0,1
2022년 2월 7일 13시,월요일,세종특별자치시 어진동,1,건조,0,맑음,교차로 - 교차로횡단보도내,0,7,1
2022년 2월 8일 21시,화요일,세종특별자치시 장군면,5,건조,0,기타,단일로 - 기타,3,1,2
2022년 2월 9일 06시,수요일,세종특별자치시 연기면,2,건조,0,맑음,단일로 - 기타,0,1,2
2022년 2월 9일 16시,수요일,세종특별자치시 한솔동,2,건조,0,흐림,단일로 - 기타,1,1,1
2022년 2월 10일 19시,목요일,세종특별자치시 세종동,3,건조,0,맑음,교차로 - 교차로부근,0,4,1
2022년 2월 11일 18시,금요일,세종특별자치시 소담동,4,건조,0,기타,교차로 - 교차로횡단보도내,3,7,1
2022년 2월 11일 20시,금요일,세종특별자치시 조치원읍,4,건조,0,맑음,기타 - 기타,0,2,1
2022년 2월 12일 21시,토요일,세종특별자치시 어진동,6,건조,0,흐림,단일로 - 기타,1,1,7
2022년 2월 13일 12시,일요일,세종특별자치시 나성동,0,건조,0,맑음,기타 - 기타,0,2,1
2022년 2월 13일 21시,일요일,세종특별자치시 도담동,0,건조,0,맑음,교차로 - 교차로부근,0,4,3
2022년 2월 13일 23시,일요일,세종특별자치시 금남면,0,건조,0,맑음,단일로 - 기타,0,1,1
2022년 2월 14일 06시,월요일,세종특별자치시 장군면,1,건조,0,맑음,단일로 - 기타,0,1,4
2022년 2월 14일 15시,월요일,세종특별자치시 연동면,1,건조,0,맑음,교차로 - 교차로안,0,0,1
2022년 2월 14일 16시,월요일,세종특별자치시 연서면,1,건조,0,맑음,교차로 - 교차로안,0,0,1
2022년 2월 14일 19시,월요일,세종특별자치시 새롬동,1,젖음/습기,1,비,단일로 - 기타,4,1,2
2022년 2월 15일 11시,화요일,세종특별자치시 연기면,5,건조,0,맑음,교차로 - 교차로안,0,0,2
2022년 2월 15일 20시,화요일,세종특별자치시 산울동,5,젖음/습기,1,흐림,단일로 - 터널,1,6,1
2022년 2월 16일 06시,수요일,세종특별자치시 장군면,2,서리/결빙,2,맑음,단일로 - 기타,0,1,1
2022년 2월 16일 16시,수요일,세종특별자치시 조치원읍,2,건조,0,맑음,단일로 - 기타,0,1,1
2022년 2월 16일 18시,수요일,세종특별자치시 새롬동,2,건조,0,맑음,교차로 - 교차로횡단보도내,0,7,1
2022년 2월 17일 19시,목요일,세종특별자치시 전동면,3,건조,0,맑음,단일로 - 기타,0,1,1
2022년 2월 18일 11시,금요일,세종특별자치시 종촌동,4,건조,0,맑음,단일로 - 기타,0,1,1
2022년 2월 18일 15시,금요일,세종특별자치시 조치원읍,4,건조,0,맑음,단일로 - 기타,0,1,1
2022년 2월 19일 06시,토요일,세종특별자치시 연기면,6,건조,0,흐림,단일로 - 기타,1,1,1
2022년 2월 20일 12시,일요일,세종특별자치시 금남면,0,건조,0,맑음,단일로 - 기타,0,1,2
2022년 2월 20일 17시,일요일,세종특별자치시 부강면,0,건조,0,맑음,단일로 - 기타,0,1,1
2022년 2월 21일 19시,월요일,세종특별자치시 고운동,1,건조,0,맑음,교차로 - 교차로안,0,0,1
2022년 2월 22일 18시,화요일,세종특별자치시 어진동,5,건조,0,맑음,단일로 - 기타,0,1,1
2022년 2월 22일 21시,화요일,세종특별자치시 도담동,5,건조,0,맑음,단일로 - 기타,0,1,2
2022년 2월 22일 23시,화요일,세종특별자치시 연기면,5,건조,0,맑음,단일로 - 기타,0,1,1
2022년 2월 23일 12시,수요일,세종특별자치시 세종동,2,건조,0,맑음,단일로 - 기타,0,1,1
2022년 2월 24일 09시,목요일,세종특별자치시 대평동,3,건조,0,맑음,단일로 - 터널,0,6,1
2022년 2월 24일 23시,목요일,세종특별자치시 고운동,3,건조,0,맑음,교차로 - 교차로부근,0,4,1
2022년 2월 25일 10시,금요일,세종특별자치시 조치원읍,4,건조,0,맑음,단일로 - 기타,0,1,1
2022년 2월 26일 10시,토요일,세종특별자치시 종촌동,6,건조,0,맑음,단일로 - 기타,0,1,1
2022년 2월 27일 13시,일요일,세종특별자치시 고운동,0,건조,0,맑음,교차로 - 교차로안,0,0,1
2022년 2월 28일 13시,월요일,세종특별자치시 한솔동,1,건조,0,맑음,교차로 - 교차로횡단보도내,0,7,1
2022년 3월 1일 19시,화요일,세종특별자치시 나성동,5,건조,0,맑음,교차로 - 교차로안,0,0,1
2022년 3월 2일 12시,수요일,세종특별자치시 종촌동,2,건조,0,맑음,기타 - 기타,0,2,1
2022년 3월 2일 22시,수요일,세종특별자치시 도담동,2,건조,0,맑음,교차로 - 교차로안,0,0,2
2022년 3월 2일 22시,수요일,세종특별자치시 어진동,2,건조,0,맑음,교차로 - 교차로부근,0,4,2
2022년 3월 3일 15시,목요일,세종특별자치시 조치원읍,3,건조,0,맑음,교차로 - 교차로안,0,0,2
2022년 3월 4일 11시,금요일,세종특별자치시 세종동,4,건조,0,맑음,단일로 - 기타,0,1,1
2022년 3월 4일 14시,금요일,세종특별자치시 연서면,4,건조,0,맑음,단일로 - 기타,0,1,2
2022년 3월 4일 18시,금요일,세종특별자치시 도담동,4,건조,0,맑음,단일로 - 기타,0,1,2
2022년 3월 4일 18시,금요일,세종특별자치시 한솔동,4,건조,0,맑음,교차로 - 교차로안,0,0,1
2022년 3월 4일 20시,금요일,세종특별자치시 대평동,4,건조,0,맑음,단일로 - 기타,0,1,1
2022년 3월 5일 16시,토요일,세종특별자치시 연동면,6,건조,0,맑음,단일로 - 기타,0,1,4
2022년 3월 6일 14시,일요일,세종특별자치시 조치원읍,0,건조,0,맑음,교차로 - 교차로안,0,0,1
2022년 3월 7일 21시,월요일,세종특별자치시 나성동,1,건조,0,맑음,교차로 - 교차로안,0,0,1
2022년 3월 8일 13시,화요일,세종특별자치시 전의면,5,건조,0,맑음,단일로 - 기타,0,1,1
2022년 3월 8일 17시,화요일,세종특별자치시 부강면,5,건조,0,맑음,단일로 - 기타,0,1,1
2022년 3월 8일 19시,화요일,세종특별자치시 전동면,5,건조,0,맑음,단일로 - 기타,0,1,1
2022년 3월 9일 04시,수요일,세종특별자치시 다정동,2,건조,0,맑음,단일로 - 기타,0,1,1
2022년 3월 9일 23시,수요일,세종특별자치시 나성동,2,건조,0,맑음,교차로 - 교차로부근,0,4,1
2022년 3월 10일 13시,목요일,세종특별자치시 고운동,3,건조,0,맑음,교차로 - 교차로안,0,0,1
2022년 3월 11일 03시,금요일,세종특별자치시 한솔동,4,건조,0,맑음,교차로 - 교차로안,0,0,1
2022년 3월 11일 19시,금요일,세종특별자치시 연기면,4,건조,0,맑음,단일로 - 기타,0,1,4
2022년 3월 13일 12시,일요일,세종특별자치시 나성동,0,건조,0,맑음,교차로 - 교차로안,0,0,1
2022년 3월 14일 08시,월요일,세종특별자치시 도담동,1,젖음/습기,1,흐림,교차로 - 교차로횡단보도내,1,7,1
2022년 3월 14일 20시,월요일,세종특별자치시 조치원읍,1,젖음/습기,1,비,교차로 - 교차로횡단보도내,4,7,1
2022년 3월 15일 07시,화요일,세종특별자치시 금남면,5,건조,0,맑음,단일로 - 기타,0,1,3
2022년 3월 15일 14시,화요일,세종특별자치시 부강면,5,건조,0,맑음,교차로 - 교차로안,0,0,1
2022년 3월 15일 14시,화요일,세종특별자치시 어진동,5,건조,0,맑음,기타 - 기타,0,2,1
2022년 3월 15일 19시,화요일,세종특별자치시 장군면,5,건조,0,맑음,단일로 - 기타,0,1,1
2022년 3월 16일 08시,수요일,세종특별자치시 한솔동,2,건조,0,맑음,교차로 - 교차로안,0,0,1
2022년 3월 16일 14시,수요일,세종특별자치시 새롬동,2,건조,0,맑음,교차로 - 교차로안,0,0,1
2022년 3월 16일 15시,수요일,세종특별자치시 조치원읍,2,건조,0,맑음,교차로 - 교차로안,0,0,1
2022년 3월 17일 08시,목요일,세종특별자치시 어진동,3,젖음/습기,1,비,교차로 - 교차로안,4,0,1
2022년 3월 17일 10시,목요일,세종특별자치시 조치원읍,3,젖음/습기,1,비,단일로 - 기타,4,1,3
2022년 3월 17일 18시,목요일,세종특별자치시 새롬동,3,젖음/습기,1,비,교차로 - 교차로횡단보도내,4,7,1
2022년 3월 18일 08시,금요일,세종특별자치시 고운동,4,젖음/습기,1,흐림,교차로 - 교차로부근,1,4,2
2022년 3월 20일 14시,일요일,세종특별자치시 금남면,0,건조,0,흐림,단일로 - 기타,1,1,3
2022년 3월 21일 07시,월요일,세종특별자치시 대평동,1,건조,0,맑음,단일로 - 기타,0,1,2
2022년 3월 21일 20시,월요일,세종특별자치시 전의면,1,건조,0,맑음,교차로 - 교차로안,0,0,1
2022년 3월 21일 22시,월요일,세종특별자치시 대평동,1,건조,0,맑음,교차로 - 교차로안,0,0,1
2022년 3월 21일 23시,월요일,세종특별자치시 연기면,1,건조,0,맑음,단일로 - 기타,0,1,1
2022년 3월 22일 18시,화요일,세종특별자치시 도담동,5,건조,0,맑음,교차로 - 교차로부근,0,4,1
2022년 3월 23일 10시,수요일,세종특별자치시 아름동,2,건조,0,흐림,교차로 - 교차로안,1,0,1
2022년 3월 23일 14시,수요일,세종특별자치시 장군면,2,건조,0,흐림,단일로 - 기타,1,1,1
2022년 3월 23일 22시,수요일,세종특별자치시 새롬동,2,건조,0,맑음,단일로 - 기타,0,1,1
2022년 3월 24일 09시,목요일,세종특별자치시 연서면,3,건조,0,맑음,단일로 - 기타,0,1,1
2022년 3월 24일 16시,목요일,세종특별자치시 보람동,3,건조,0,맑음,교차로 - 교차로횡단보도내,0,7,1
2022년 3월 24일 18시,목요일,세종특별자치시 다정동,3,건조,0,맑음,단일로 - 지하차도(도로)내,0,8,1
2022년 3월 25일 08시,금요일,세종특별자치시 소정면,4,건조,0,맑음,교차로 - 교차로안,0,0,5
2022년 3월 25일 12시,금요일,세종특별자치시 금남면,4,건조,0,맑음,교차로 - 교차로안,0,0,1
2022년 3월 26일 01시,토요일,세종특별자치시 조치원읍,6,젖음/습기,1,비,교차로 - 교차로안,4,0,1
2022년 3월 26일 22시,토요일,세종특별자치시 다정동,6,건조,0,흐림,단일로 - 기타,1,1,1
2022년 3월 27일 14시,일요일,세종특별자치시 금남면,0,건조,0,맑음,단일로 - 기타,0,1,1
2022년 3월 27일 17시,일요일,세종특별자치시 종촌동,0,건조,0,맑음,단일로 - 기타,0,1,1
2022년 3월 27일 22시,일요일,세종특별자치시 아름동,0,건조,0,기타,교차로 - 교차로안,3,0,1
2022년 3월 28일 09시,월요일,세종특별자치시 나성동,1,건조,0,맑음,기타 - 기타,0,2,1
2022년 3월 28일 13시,월요일,세종특별자치시 장군면,1,건조,0,맑음,주차장 - 주차장,0,5,3
2022년 3월 28일 17시,월요일,세종특별자치시 소담동,1,건조,0,맑음,단일로 - 기타,0,1,1
2022년 3월 29일 11시,화요일,세종특별자치시 어진동,5,건조,0,맑음,단일로 - 기타,0,1,1
2022년 3월 29일 13시,화요일,세종특별자치시 도담동,5,건조,0,맑음,단일로 - 기타,0,1,1
2022년 3월 29일 16시,화요일,세종특별자치시 연동면,5,건조,0,맑음,교차로 - 교차로횡단보도내,0,7,1
2022년 3월 29일 23시,화요일,세종특별자치시 장군면,5,건조,0,맑음,교차로 - 교차로안,0,0,1
2022년 3월 30일 20시,수요일,세종특별자치시 반곡동,2,건조,0,맑음,주차장 - 주차장,0,5,1
2022년 3월 31일 09시,목요일,세종특별자치시 고운동,3,건조,0,맑음,단일로 - 기타,0,1,1
2022년 4월 1일 05시,금요일,세종특별자치시 산울동,4,건조,0,기타,교차로 - 교차로안,3,0,3
2022년 4월 1일 19시,금요일,세종특별자치시 연기면,4,건조,0,맑음,단일로 - 기타,0,1,1
2022년 4월 1일 20시,금요일,세종특별자치시 새롬동,4,건조,0,맑음,교차로 - 교차로안,0,0,1
2022년 4월 2일 10시,토요일,세종특별자치시 부강면,6,건조,0,맑음,교차로 - 교차로안,0,0,1
2022년 4월 2일 12시,토요일,세종특별자치시 다정동,6,건조,0,맑음,단일로 - 기타,0,1,3
2022년 4월 4일 15시,월요일,세종특별자치시 나성동,1,건조,0,맑음,단일로 - 기타,0,1,1
2022년 4월 4일 16시,월요일,세종특별자치시 새롬동,1,건조,0,맑음,교차로 - 교차로안,0,0,1
2022년 4월 5일 00시,화요일,세종특별자치시 연서면,5,건조,0,맑음,교차로 - 교차로부근,0,4,2
2022년 4월 5일 07시,화요일,세종특별자치시 고운동,5,건조,0,맑음,교차로 - 교차로안,0,0,1
2022년 4월 6일 13시,수요일,세종특별자치시 고운동,2,건조,0,맑음,교차로 - 교차로부근,0,4,1
2022년 4월 7일 08시,목요일,세종특별자치시 도담동,3,건조,0,맑음,기타 - 기타,0,2,1
2022년 4월 7일 21시,목요일,세종특별자치시 연기면,3,건조,0,맑음,교차로 - 교차로부근,0,4,8
2022년 4월 7일 22시,목요일,세종특별자치시 어진동,3,건조,0,맑음,단일로 - 기타,0,1,1
2022년 4월 8일 06시,금요일,세종특별자치시 고운동,4,건조,0,맑음,단일로 - 기타,0,1,1
2022년 4월 8일 11시,금요일,세종특별자치시 전의면,4,건조,0,맑음,교차로 - 교차로안,0,0,1
2022년 4월 8일 15시,금요일,세종특별자치시 소담동,4,건조,0,맑음,교차로 - 교차로안,0,0,1
2022년 4월 8일 19시,금요일,세종특별자치시 나성동,4,건조,0,맑음,교차로 - 교차로안,0,0,1
2022년 4월 9일 16시,토요일,세종특별자치시 연서면,6,건조,0,맑음,기타 - 기타,0,2,1
2022년 4월 9일 20시,토요일,세종특별자치시 종촌동,6,건조,0,맑음,교차로 - 교차로부근,0,4,3
2022년 4월 10일 08시,일요일,세종특별자치시 금남면,0,건조,0,맑음,단일로 - 기타,0,1,2
2022년 4월 10일 12시,일요일,세종특별자치시 나성동,0,건조,0,맑음,교차로 - 교차로안,0,0,1
2022년 4월 10일 21시,일요일,세종특별자치시 어진동,0,건조,0,맑음,단일로 - 기타,0,1,2
2022년 4월 11일 12시,월요일,세종특별자치시 반곡동,1,건조,0,맑음,교차로 - 교차로부근,0,4,1
2022년 4월 12일 02시,화요일,세종특별자치시 다정동,5,건조,0,맑음,단일로 - 기타,0,1,1
2022년 4월 12일 14시,화요일,세종특별자치시 고운동,5,건조,0,맑음,단일로 - 기타,0,1,2
2022년 4월 12일 20시,화요일,세종특별자치시 조치원읍,5,건조,0,맑음,단일로 - 기타,0,1,2
2022년 4월 13일 05시,수요일,세종특별자치시 대평동,2,건조,0,맑음,교차로 - 교차로부근,0,4,3
2022년 4월 13일 07시,수요일,세종특별자치시 나성동,2,건조,0,맑음,교차로 - 교차로안,0,0,1
2022년 4월 13일 08시,수요일,세종특별자치시 어진동,2,젖음/습기,1,비,교차로 - 교차로안,4,0,1
2022년 4월 13일 09시,수요일,세종특별자치시 연기면,2,젖음/습기,1,비,교차로 - 교차로부근,4,4,7
2022년 4월 13일 17시,수요일,세종특별자치시 조치원읍,2,젖음/습기,1,비,교차로 - 교차로부근,4,4,1
2022년 4월 13일 18시,수요일,세종특별자치시 다정동,2,젖음/습기,1,비,교차로 - 교차로횡단보도내,4,7,1
2022년 4월 13일 20시,수요일,세종특별자치시 도담동,2,젖음/습기,1,비,단일로 - 기타,4,1,1
2022년 4월 14일 06시,목요일,세종특별자치시 연기면,3,젖음/습기,1,비,단일로 - 터널,4,6,1
2022년 4월 14일 08시,목요일,세종특별자치시 전의면,3,젖음/습기,1,비,교차로 - 교차로안,4,0,2
2022년 4월 14일 09시,목요일,세종특별자치시 종촌동,3,건조,0,맑음,단일로 - 기타,0,1,1
2022년 4월 14일 12시,목요일,세종특별자치시 다정동,3,건조,0,흐림,단일로 - 기타,1,1,1
2022년 4월 14일 15시,목요일,세종특별자치시 연서면,3,젖음/습기,1,흐림,교차로 - 교차로부근,1,4,1
2022년 4월 14일 15시,목요일,세종특별자치시 반곡동,3,건조,0,맑음,교차로 - 교차로부근,0,4,1
2022년 4월 14일 19시,목요일,세종특별자치시 도담동,3,건조,0,맑음,교차로 - 교차로부근,0,4,1
2022년 4월 15일 08시,금요일,세종특별자치시 금남면,4,건조,0,맑음,단일로 - 기타,0,1,2
2022년 4월 16일 11시,토요일,세종특별자치시 다정동,6,건조,0,맑음,단일로 - 지하차도(도로)내,0,8,3
2022년 4월 17일 00시,일요일,세종특별자치시 어진동,0,건조,0,맑음,단일로 - 기타,0,1,2
2022년 4월 17일 13시,일요일,세종특별자치시 보람동,0,건조,0,맑음,교차로 - 교차로횡단보도내,0,7,1
2022년 4월 17일 14시,일요일,세종특별자치시 나성동,0,건조,0,맑음,기타 - 기타,0,2,1
2022년 4월 18일 05시,월요일,세종특별자치시 소담동,1,건조,0,맑음,교차로 - 교차로부근,0,4,1
2022년 4월 18일 17시,월요일,세종특별자치시 조치원읍,1,건조,0,맑음,기타 - 기타,0,2,1
2022년 4월 19일 05시,화요일,세종특별자치시 해밀동,5,건조,0,맑음,교차로 - 교차로안,0,0,1
2022년 4월 19일 09시,화요일,세종특별자치시 종촌동,5,건조,0,맑음,교차로 - 교차로안,0,0,1
2022년 4월 19일 16시,화요일,세종특별자치시 나성동,5,건조,0,맑음,교차로 - 교차로안,0,0,8
2022년 4월 19일 19시,화요일,세종특별자치시 고운동,5,건조,0,맑음,교차로 - 교차로안,0,0,1
2022년 4월 20일 09시,수요일,세종특별자치시 어진동,2,건조,0,맑음,교차로 - 교차로부근,0,4,1
2022년 4월 20일 10시,수요일,세종특별자치시 다정동,2,건조,0,맑음,교차로 - 교차로안,0,0,2
2022년 4월 20일 18시,수요일,세종특별자치시 보람동,2,건조,0,맑음,단일로 - 기타,0,1,2
2022년 4월 20일 19시,수요일,세종특별자치시 세종동,2,건조,0,흐림,교차로 - 교차로안,1,0,1
2022년 4월 20일 23시,수요일,세종특별자치시 세종동,2,건조,0,맑음,단일로 - 기타,0,1,1
2022년 4월 21일 20시,목요일,세종특별자치시 어진동,3,건조,0,맑음,단일로 - 기타,0,1,1
2022년 4월 22일 18시,금요일,세종특별자치시 조치원읍,4,건조,0,맑음,단일로 - 기타,0,1,1
2022년 4월 22일 18시,금요일,세종특별자치시 도담동,4,건조,0,맑음,교차로 - 교차로안,0,0,1
2022년 4월 23일 04시,토요일,세종특별자치시 장군면,6,건조,0,맑음,단일로 - 기타,0,1,4
2022년 4월 23일 12시,토요일,세종특별자치시 대평동,6,건조,0,맑음,교차로 - 교차로안,0,0,1
2022년 4월 23일 17시,토요일,세종특별자치시 연서면,6,건조,0,맑음,교차로 - 교차로안,0,0,1
2022년 4월 24일 05시,일요일,세종특별자치시 조치원읍,0,건조,0,맑음,단일로 - 기타,0,1,1
2022년 4월 24일 14시,일요일,세종특별자치시 전의면,0,건조,0,맑음,단일로 - 기타,0,1,2
2022년 4월 25일 07시,월요일,세종특별자치시 산울동,1,건조,0,맑음,단일로 - 터널,0,6,1
2022년 4월 25일 14시,월요일,세종특별자치시 고운동,1,건조,0,흐림,교차로 - 교차로부근,1,4,1
2022년 4월 26일 08시,화요일,세종특별자치시 한솔동,5,건조,0,맑음,교차로 - 교차로안,0,0,1
2022년 4월 26일 08시,화요일,세종특별자치시 도담동,5,건조,0,맑음,단일로 - 기타,0,1,1
2022년 4월 26일 15시,화요일,세종특별자치시 도담동,5,건조,0,맑음,단일로 - 기타,0,1,3
2022년 4월 27일 09시,수요일,세종특별자치시 어진동,2,건조,0,맑음,교차로 - 교차로안,0,0,2
2022년 4월 27일 12시,수요일,세종특별자치시 도담동,2,건조,0,맑음,주차장 - 주차장,0,5,1
2022년 4월 27일 13시,수요일,세종특별자치시 보람동,2,건조,0,맑음,교차로 - 교차로부근,0,4,1
2022년 4월 27일 17시,수요일,세종특별자치시 대평동,2,건조,0,맑음,단일로 - 기타,0,1,1
2022년 4월 27일 18시,수요일,세종특별자치시 고운동,2,건조,0,맑음,교차로 - 교차로횡단보도내,0,7,1
2022년 4월 28일 08시,목요일,세종특별자치시 금남면,3,건조,0,맑음,단일로 - 기타,0,1,1
2022년 4월 28일 16시,목요일,세종특별자치시 소담동,3,건조,0,맑음,교차로 - 교차로안,0,0,1
2022년 4월 29일 10시,금요일,세종특별자치시 조치원읍,4,건조,0,맑음,교차로 - 교차로안,0,0,1
2022년 4월 30일 11시,토요일,세종특별자치시 다정동,6,건조,0,맑음,단일로 - 기타,0,1,3
2022년 5월 1일 15시,일요일,세종특별자치시 대평동,0,건조,0,맑음,교차로 - 교차로안,0,0,3
2022년 5월 1일 20시,일요일,세종특별자치시 종촌동,0,건조,0,맑음,단일로 - 기타,0,1,1
2022년 5월 2일 08시,월요일,세종특별자치시 고운동,1,건조,0,맑음,단일로 - 기타,0,1,1
2022년 5월 2일 09시,월요일,세종특별자치시 금남면,1,건조,0,맑음,단일로 - 기타,0,1,1
2022년 5월 2일 12시,월요일,세종특별자치시 어진동,1,건조,0,맑음,교차로 - 교차로횡단보도내,0,7,1
2022년 5월 3일 07시,화요일,세종특별자치시 합강동,5,건조,0,맑음,단일로 - 기타,0,1,2
2022년 5월 3일 10시,화요일,세종특별자치시 나성동,5,건조,0,맑음,교차로 - 교차로안,0,0,3
2022년 5월 3일 11시,화요일,세종특별자치시 전의면,5,건조,0,맑음,교차로 - 교차로부근,0,4,1
2022년 5월 3일 15시,화요일,세종특별자치시 연기면,5,건조,0,맑음,단일로 - 기타,0,1,1
2022년 5월 3일 17시,화요일,세종특별자치시 조치원읍,5,건조,0,맑음,교차로 - 교차로안,0,0,1
2022년 5월 4일 18시,수요일,세종특별자치시 대평동,2,건조,0,맑음,교차로 - 교차로안,0,0,1
2022년 5월 4일 20시,수요일,세종특별자치시 아름동,2,건조,0,맑음,단일로 - 기타,0,1,1
2022년 5월 4일 20시,수요일,세종특별자치시 종촌동,2,건조,0,맑음,교차로 - 교차로안,0,0,1
2022년 5월 4일 22시,수요일,세종특별자치시 나성동,2,건조,0,맑음,교차로 - 교차로횡단보도내,0,7,1
2022년 5월 5일 00시,목요일,세종특별자치시 나성동,3,건조,0,맑음,단일로 - 기타,0,1,2
2022년 5월 6일 20시,금요일,세종특별자치시 종촌동,4,건조,0,맑음,단일로 - 기타,0,1,1
2022년 5월 7일 11시,토요일,세종특별자치시 어진동,6,건조,0,맑음,교차로 - 교차로안,0,0,1
2022년 5월 7일 13시,토요일,세종특별자치시 금남면,6,건조,0,맑음,교차로 - 교차로안,0,0,6
2022년 5월 7일 19시,토요일,세종특별자치시 도담동,6,건조,0,맑음,단일로 - 교량,0,9,1
2022년 5월 8일 13시,일요일,세종특별자치시 아름동,0,건조,0,맑음,교차로 - 교차로부근,0,4,4
2022년 5월 8일 16시,일요일,세종특별자치시 고운동,0,건조,0,맑음,교차로 - 교차로안,0,0,1
2022년 5월 8일 18시,일요일,세종특별자치시 종촌동,0,건조,0,맑음,단일로 - 기타,0,1,1
2022년 5월 9일 08시,월요일,세종특별자치시 반곡동,1,건조,0,맑음,교차로 - 교차로안,0,0,1
2022년 5월 9일 09시,월요일,세종특별자치시 조치원읍,1,건조,0,맑음,기타 - 기타,0,2,1
2022년 5월 9일 11시,월요일,세종특별자치시 장군면,1,건조,0,맑음,단일로 - 기타,0,1,1
2022년 5월 9일 18시,월요일,세종특별자치시 나성동,1,건조,0,맑음,교차로 - 교차로횡단보도내,0,7,1
2022년 5월 11일 07시,수요일,세종특별자치시 조치원읍,2,건조,0,맑음,단일로 - 기타,0,1,3
2022년 5월 11일 16시,수요일,세종특별자치시 장군면,2,건조,0,맑음,단일로 - 기타,0,1,1
2022년 5월 11일 18시,수요일,세종특별자치시 대평동,2,건조,0,맑음,교차로 - 교차로안,0,0,1
2022년 5월 11일 18시,수요일,세종특별자치시 소담동,2,건조,0,맑음,단일로 - 기타,0,1,1
2022년 5월 11일 20시,수요일,세종특별자치시 도담동,2,건조,0,맑음,기타 - 기타,0,2,1
2022년 5월 12일 10시,목요일,세종특별자치시 전동면,3,건조,0,맑음,교차로 - 교차로부근,0,4,1
2022년 5월 12일 14시,목요일,세종특별자치시 대평동,3,건조,0,맑음,단일로 - 기타,0,1,3
2022년 5월 12일 15시,목요일,세종특별자치시 조치원읍,3,건조,0,맑음,단일로 - 기타,0,1,1
2022년 5월 13일 08시,금요일,세종특별자치시 장군면,4,건조,0,맑음,교차로 - 교차로부근,0,4,1
2022년 5월 13일 08시,금요일,세종특별자치시 나성동,4,건조,0,맑음,교차로 - 교차로안,0,0,2
2022년 5월 13일 11시,금요일,세종특별자치시 어진동,4,건조,0,맑음,교차로 - 교차로안,0,0,1
2022년 5월 13일 17시,금요일,세종특별자치시 새롬동,4,건조,0,맑음,교차로 - 교차로안,0,0,1
2022년 5월 14일 17시,토요일,세종특별자치시 다정동,6,건조,0,맑음,기타 - 기타,0,2,1
2022년 5월 14일 22시,토요일,세종특별자치시 다정동,6,건조,0,맑음,교차로 - 교차로횡단보도내,0,7,1
2022년 5월 16일 09시,월요일,세종특별자치시 아름동,1,건조,0,맑음,교차로 - 교차로부근,0,4,1
2022년 5월 16일 09시,월요일,세종특별자치시 아름동,1,건조,0,맑음,교차로 - 교차로안,0,0,1
2022년 5월 16일 13시,월요일,세종특별자치시 조치원읍,1,건조,0,맑음,교차로 - 교차로횡단보도내,0,7,1
2022년 5월 16일 14시,월요일,세종특별자치시 연서면,1,건조,0,맑음,단일로 - 기타,0,1,1
2022년 5월 16일 19시,월요일,세종특별자치시 아름동,1,건조,0,맑음,교차로 - 교차로안,0,0,1
2022년 5월 17일 14시,화요일,세종특별자치시 어진동,5,건조,0,맑음,교차로 - 교차로안,0,0,1
2022년 5월 17일 16시,화요일,세종특별자치시 부강면,5,건조,0,맑음,단일로 - 기타,0,1,1
2022년 5월 17일 18시,화요일,세종특별자치시 한솔동,5,건조,0,맑음,단일로 - 기타,0,1,1
2022년 5월 17일 18시,화요일,세종특별자치시 어진동,5,건조,0,맑음,교차로 - 교차로안,0,0,1
2022년 5월 18일 08시,수요일,세종특별자치시 연동면,2,건조,0,맑음,교차로 - 교차로안,0,0,1
2022년 5월 18일 17시,수요일,세종특별자치시 연서면,2,건조,0,맑음,기타 - 기타,0,2,1
2022년 5월 18일 17시,수요일,세종특별자치시 나성동,2,건조,0,맑음,단일로 - 기타,0,1,1
2022년 5월 19일 17시,목요일,세종특별자치시 반곡동,3,건조,0,맑음,단일로 - 기타,0,1,1
2022년 5월 19일 20시,목요일,세종특별자치시 어진동,3,건조,0,맑음,교차로 - 교차로횡단보도내,0,7,1
2022년 5월 19일 21시,목요일,세종특별자치시 장군면,3,건조,0,맑음,교차로 - 교차로안,0,0,1
2022년 5월 20일 11시,금요일,세종특별자치시 조치원읍,4,건조,0,맑음,단일로 - 기타,0,1,1
2022년 5월 20일 14시,금요일,세종특별자치시 조치원읍,4,건조,0,맑음,기타 - 기타,0,2,1
2022년 5월 20일 16시,금요일,세종특별자치시 부강면,4,건조,0,맑음,교차로 - 교차로안,0,0,2
2022년 5월 21일 00시,토요일,세종특별자치시 합강동,6,건조,0,맑음,교차로 - 교차로안,0,0,3
2022년 5월 21일 09시,토요일,세종특별자치시 새롬동,6,건조,0,맑음,교차로 - 교차로횡단보도내,0,7,1
2022년 5월 22일 12시,일요일,세종특별자치시 어진동,0,건조,0,맑음,교차로 - 교차로부근,0,4,1
2022년 5월 22일 19시,일요일,세종특별자치시 보람동,0,건조,0,맑음,단일로 - 기타,0,1,2
2022년 5월 22일 21시,일요일,세종특별자치시 보람동,0,건조,0,맑음,단일로 - 기타,0,1,1
2022년 5월 23일 11시,월요일,세종특별자치시 나성동,1,건조,0,맑음,단일로 - 기타,0,1,1
2022년 5월 23일 13시,월요일,세종특별자치시 대평동,1,건조,0,맑음,교차로 - 교차로부근,0,4,1
2022년 5월 23일 16시,월요일,세종특별자치시 조치원읍,1,건조,0,맑음,교차로 - 교차로부근,0,4,1
2022년 5월 23일 20시,월요일,세종특별자치시 대평동,1,건조,0,맑음,단일로 - 기타,0,1,1
2022년 5월 24일 00시,화요일,세종특별자치시 소담동,5,건조,0,맑음,교차로 - 교차로횡단보도내,0,7,1
2022년 5월 24일 20시,화요일,세종특별자치시 새롬동,5,건조,0,기타,단일로 - 기타,3,1,1
2022년 5월 25일 02시,수요일,세종특별자치시 소담동,2,건조,0,맑음,단일로 - 기타,0,1,1
2022년 5월 25일 04시,수요일,세종특별자치시 금남면,2,건조,0,기타,단일로 - 기타,3,1,1
2022년 5월 25일 07시,수요일,세종특별자치시 연기면,2,건조,0,맑음,교차로 - 교차로부근,0,4,1
2022년 5월 25일 17시,수요일,세종특별자치시 조치원읍,2,건조,0,맑음,교차로 - 교차로부근,0,4,1
2022년 5월 26일 04시,목요일,세종특별자치시 나성동,3,건조,0,맑음,교차로 - 교차로부근,0,4,2
2022년 5월 26일 09시,목요일,세종특별자치시 도담동,3,건조,0,맑음,교차로 - 교차로횡단보도내,0,7,1
2022년 5월 27일 13시,금요일,세종특별자치시 반곡동,4,건조,0,맑음,교차로 - 교차로안,0,0,1
2022년 5월 27일 18시,금요일,세종특별자치시 반곡동,4,건조,0,맑음,교차로 - 교차로안,0,0,1
2022년 5월 27일 20시,금요일,세종특별자치시 어진동,4,건조,0,맑음,교차로 - 교차로안,0,0,1
2022년 5월 28일 15시,토요일,세종특별자치시 연기면,6,건조,0,맑음,교차로 - 교차로부근,0,4,1
2022년 5월 29일 00시,일요일,세종특별자치시 연서면,0,건조,0,맑음,단일로 - 기타,0,1,1
2022년 5월 29일 11시,일요일,세종특별자치시 아름동,0,건조,0,맑음,기타 - 기타,0,2,4
2022년 5월 30일 09시,월요일,세종특별자치시 나성동,1,건조,0,맑음,교차로 - 교차로안,0,0,1
2022년 5월 30일 14시,월요일,세종특별자치시 어진동,1,건조,0,맑음,교차로 - 교차로안,0,0,2
2022년 5월 31일 13시,화요일,세종특별자치시 종촌동,5,건조,0,맑음,교차로 - 교차로안,0,0,2
2022년 5월 31일 19시,화요일,세종특별자치시 아름동,5,건조,0,맑음,교차로 - 교차로부근,0,4,1
2022년 6월 1일 01시,수요일,세종특별자치시 나성동,2,건조,0,맑음,교차로 - 교차로부근,0,4,1
2022년 6월 1일 02시,수요일,세종특별자치시 어진동,2,건조,0,맑음,단일로 - 기타,0,1,1
2022년 6월 1일 07시,수요일,세종특별자치시 집현동,2,건조,0,맑음,단일로 - 기타,0,1,1
2022년 6월 1일 09시,수요일,세종특별자치시 세종동,2,건조,0,맑음,기타 - 기타,0,2,1
2022년 6월 1일 10시,수요일,세종특별자치시 장군면,2,건조,0,맑음,단일로 - 기타,0,1,1
2022년 6월 1일 12시,수요일,세종특별자치시 부강면,2,건조,0,맑음,교차로 - 교차로안,0,0,1
2022년 6월 1일 14시,수요일,세종특별자치시 나성동,2,건조,0,맑음,주차장 - 주차장,0,5,1
2022년 6월 1일 20시,수요일,세종특별자치시 반곡동,2,건조,0,맑음,단일로 - 기타,0,1,1
2022년 6월 2일 07시,목요일,세종특별자치시 금남면,3,건조,0,맑음,단일로 - 기타,0,1,9
2022년 6월 2일 08시,목요일,세종특별자치시 해밀동,3,건조,0,맑음,교차로 - 교차로횡단보도내,0,7,1
2022년 6월 2일 14시,목요일,세종특별자치시 합강동,3,건조,0,맑음,교차로 - 교차로안,0,0,2
2022년 6월 2일 17시,목요일,세종특별자치시 보람동,3,건조,0,맑음,단일로 - 기타,0,1,1
2022년 6월 3일 07시,금요일,세종특별자치시 조치원읍,4,건조,0,흐림,교차로 - 교차로안,1,0,1
2022년 6월 3일 17시,금요일,세종특별자치시 종촌동,4,건조,0,맑음,교차로 - 교차로부근,0,4,1
2022년 6월 3일 19시,금요일,세종특별자치시 보람동,4,건조,0,맑음,교차로 - 교차로안,0,0,2
2022년 6월 4일 11시,토요일,세종특별자치시 전동면,6,건조,0,맑음,교차로 - 교차로안,0,0,1
2022년 6월 4일 22시,토요일,세종특별자치시 금남면,6,건조,0,맑음,단일로 - 기타,0,1,1
2022년 6월 4일 23시,토요일,세종특별자치시 소담동,6,건조,0,맑음,교차로 - 교차로안,0,0,3
2022년 6월 4일 23시,토요일,세종특별자치시 나성동,6,건조,0,맑음,교차로 - 교차로횡단보도내,0,7,1
2022년 6월 5일 14시,일요일,세종특별자치시 조치원읍,0,젖음/습기,1,비,단일로 - 기타,4,1,1
2022년 6월 5일 16시,일요일,세종특별자치시 전의면,0,젖음/습기,1,비,단일로 - 기타,4,1,4
2022년 6월 6일 16시,월요일,세종특별자치시 어진동,1,건조,0,맑음,교차로 - 교차로부근,0,4,2
2022년 6월 6일 20시,월요일,세종특별자치시 소담동,1,건조,0,맑음,교차로 - 교차로안,0,0,1
2022년 6월 7일 09시,화요일,세종특별자치시 장군면,5,건조,0,맑음,단일로 - 기타,0,1,1
2022년 6월 7일 17시,화요일,세종특별자치시 대평동,5,건조,0,맑음,교차로 - 교차로안,0,0,1
2022년 6월 7일 19시,화요일,세종특별자치시 조치원읍,5,젖음/습기,1,비,단일로 - 기타,4,1,1
2022년 6월 8일 17시,수요일,세종특별자치시 도담동,2,건조,0,맑음,교차로 - 교차로안,0,0,1
2022년 6월 8일 19시,수요일,세종특별자치시 소정면,2,건조,0,맑음,단일로 - 기타,0,1,1
2022년 6월 9일 00시,목요일,세종특별자치시 어진동,3,건조,0,맑음,단일로 - 기타,0,1,2
2022년 6월 9일 08시,목요일,세종특별자치시 새롬동,3,건조,0,맑음,교차로 - 교차로안,0,0,1
2022년 6월 9일 13시,목요일,세종특별자치시 연기면,3,건조,0,맑음,단일로 - 교량,0,9,2
2022년 6월 9일 14시,목요일,세종특별자치시 아름동,3,건조,0,맑음,단일로 - 기타,0,1,1
2022년 6월 10일 00시,금요일,세종특별자치시 고운동,4,건조,0,맑음,단일로 - 기타,0,1,3
2022년 6월 10일 09시,금요일,세종특별자치시 조치원읍,4,건조,0,맑음,교차로 - 교차로안,0,0,1
2022년 6월 10일 10시,금요일,세종특별자치시 고운동,4,건조,0,맑음,교차로 - 교차로횡단보도내,0,7,1
2022년 6월 10일 15시,금요일,세종특별자치시 아름동,4,건조,0,맑음,교차로 - 교차로안,0,0,1
2022년 6월 11일 02시,토요일,세종특별자치시 나성동,6,건조,0,맑음,단일로 - 기타,0,1,1
2022년 6월 11일 09시,토요일,세종특별자치시 부강면,6,건조,0,맑음,교차로 - 교차로안,0,0,1
2022년 6월 11일 12시,토요일,세종특별자치시 조치원읍,6,건조,0,맑음,교차로 - 교차로안,0,0,1
2022년 6월 11일 18시,토요일,세종특별자치시 한솔동,6,건조,0,맑음,교차로 - 교차로부근,0,4,1
2022년 6월 12일 14시,일요일,세종특별자치시 아름동,0,건조,0,맑음,교차로 - 교차로부근,0,4,1
2022년 6월 14일 11시,화요일,세종특별자치시 조치원읍,5,건조,0,흐림,교차로 - 교차로안,1,0,1
2022년 6월 14일 14시,화요일,세종특별자치시 조치원읍,5,젖음/습기,1,흐림,교차로 - 교차로부근,1,4,1
2022년 6월 14일 22시,화요일,세종특별자치시 도담동,5,젖음/습기,1,비,교차로 - 교차로횡단보도내,4,7,1
2022년 6월 16일 04시,목요일,세종특별자치시 조치원읍,3,건조,0,맑음,단일로 - 기타,0,1,1
2022년 6월 16일 08시,목요일,세종특별자치시 아름동,3,건조,0,맑음,교차로 - 교차로횡단보도내,0,7,1
2022년 6월 16일 13시,목요일,세종특별자치시 세종동,3,건조,0,맑음,교차로 - 교차로부근,0,4,1
2022년 6월 16일 18시,목요일,세종특별자치시 나성동,3,건조,0,맑음,교차로 - 교차로부근,0,4,1
2022년 6월 17일 15시,금요일,세종특별자치시 도담동,4,건조,0,맑음,기타 - 기타,0,2,1
2022년 6월 17일 16시,금요일,세종특별자치시 고운동,4,건조,0,맑음,단일로 - 기타,0,1,2
2022년 6월 17일 17시,금요일,세종특별자치시 도담동,4,건조,0,맑음,교차로 - 교차로안,0,0,1
2022년 6월 18일 03시,토요일,세종특별자치시 조치원읍,6,건조,0,맑음,교차로 - 교차로안,0,0,1
2022년 6월 18일 05시,토요일,세종특별자치시 소담동,6,건조,0,맑음,단일로 - 기타,0,1,1
2022년 6월 18일 12시,토요일,세종특별자치시 부강면,6,건조,0,맑음,단일로 - 기타,0,1,2
2022년 6월 18일 12시,토요일,세종특별자치시 다정동,6,건조,0,맑음,교차로 - 교차로안,0,0,3
2022년 6월 18일 13시,토요일,세종특별자치시 어진동,6,건조,0,맑음,교차로 - 교차로안,0,0,1
2022년 6월 18일 17시,토요일,세종특별자치시 어진동,6,건조,0,맑음,교차로 - 교차로부근,0,4,2
2022년 6월 18일 19시,토요일,세종특별자치시 나성동,6,건조,0,맑음,단일로 - 기타,0,1,1
2022년 6월 19일 16시,일요일,세종특별자치시 아름동,0,건조,0,맑음,단일로 - 기타,0,1,1
2022년 6월 19일 17시,일요일,세종특별자치시 장군면,0,건조,0,맑음,기타 - 기타,0,2,1
2022년 6월 20일 08시,월요일,세종특별자치시 조치원읍,1,건조,0,맑음,교차로 - 교차로부근,0,4,1
2022년 6월 20일 17시,월요일,세종특별자치시 연서면,1,건조,0,맑음,단일로 - 기타,0,1,1
2022년 6월 21일 12시,화요일,세종특별자치시 나성동,5,건조,0,맑음,단일로 - 터널,0,6,1
2022년 6월 21일 16시,화요일,세종특별자치시 다정동,5,건조,0,맑음,교차로 - 교차로부근,0,4,1
2022년 6월 21일 21시,화요일,세종특별자치시 다정동,5,건조,0,기타,기타 - 기타,3,2,1
2022년 6월 22일 02시,수요일,세종특별자치시 어진동,2,건조,0,맑음,교차로 - 교차로안,0,0,1
2022년 6월 22일 08시,수요일,세종특별자치시 아름동,2,건조,0,맑음,단일로 - 기타,0,1,1
2022년 6월 22일 09시,수요일,세종특별자치시 금남면,2,건조,0,맑음,단일로 - 기타,0,1,1
2022년 6월 22일 15시,수요일,세종특별자치시 나성동,2,건조,0,맑음,단일로 - 기타,0,1,1
2022년 6월 22일 17시,수요일,세종특별자치시 어진동,2,건조,0,맑음,교차로 - 교차로부근,0,4,2
2022년 6월 23일 08시,목요일,세종특별자치시 어진동,3,건조,0,흐림,단일로 - 기타,1,1,1
2022년 6월 23일 10시,목요일,세종특별자치시 어진동,3,건조,0,맑음,교차로 - 교차로안,0,0,1
2022년 6월 23일 12시,목요일,세종특별자치시 조치원읍,3,젖음/습기,1,비,교차로 - 교차로안,4,0,4
2022년 6월 23일 17시,목요일,세종특별자치시 조치원읍,3,젖음/습기,1,흐림,교차로 - 교차로안,1,0,1
2022년 6월 24일 00시,금요일,세종특별자치시 집현동,4,젖음/습기,1,비,교차로 - 교차로안,4,0,5
2022년 6월 24일 01시,금요일,세종특별자치시 연기면,4,젖음/습기,1,비,단일로 - 기타,4,1,1
2022년 6월 24일 12시,금요일,세종특별자치시 한솔동,4,건조,0,맑음,단일로 - 기타,0,1,1
2022년 6월 24일 18시,금요일,세종특별자치시 아름동,4,건조,0,맑음,단일로 - 기타,0,1,1
2022년 6월 25일 11시,토요일,세종특별자치시 나성동,6,건조,0,맑음,교차로 - 교차로횡단보도내,0,7,1
2022년 6월 25일 12시,토요일,세종특별자치시 장군면,6,건조,0,맑음,단일로 - 기타,0,1,2
2022년 6월 25일 19시,토요일,세종특별자치시 부강면,6,건조,0,맑음,교차로 - 교차로안,0,0,2
2022년 6월 25일 21시,토요일,세종특별자치시 소담동,6,건조,0,맑음,단일로 - 기타,0,1,1
2022년 6월 25일 22시,토요일,세종특별자치시 도담동,6,건조,0,맑음,교차로 - 교차로안,0,0,1
2022년 6월 26일 06시,일요일,세종특별자치시 조치원읍,0,건조,0,맑음,교차로 - 교차로횡단보도내,0,7,1
2022년 6월 26일 09시,일요일,세종특별자치시 나성동,0,건조,0,맑음,교차로 - 교차로안,0,0,1
2022년 6월 26일 15시,일요일,세종특별자치시 조치원읍,0,건조,0,맑음,교차로 - 교차로안,0,0,2
2022년 6월 26일 18시,일요일,세종특별자치시 대평동,0,건조,0,맑음,단일로 - 기타,0,1,1
2022년 6월 27일 22시,월요일,세종특별자치시 새롬동,1,건조,0,흐림,교차로 - 교차로안,1,0,2
2022년 6월 28일 08시,화요일,세종특별자치시 산울동,5,건조,0,맑음,단일로 - 기타,0,1,1
2022년 6월 28일 09시,화요일,세종특별자치시 금남면,5,건조,0,맑음,단일로 - 기타,0,1,1
2022년 6월 28일 12시,화요일,세종특별자치시 조치원읍,5,건조,0,맑음,단일로 - 기타,0,1,3
2022년 6월 28일 16시,화요일,세종특별자치시 고운동,5,건조,0,맑음,교차로 - 교차로안,0,0,2
2022년 6월 29일 09시,수요일,세종특별자치시 어진동,2,젖음/습기,1,비,단일로 - 기타,4,1,1
2022년 6월 29일 12시,수요일,세종특별자치시 전동면,2,건조,0,흐림,단일로 - 기타,1,1,1
2022년 6월 29일 16시,수요일,세종특별자치시 어진동,2,건조,0,맑음,교차로 - 교차로횡단보도내,0,7,1
2022년 6월 29일 17시,수요일,세종특별자치시 나성동,2,건조,0,맑음,교차로 - 교차로안,0,0,1
2022년 6월 29일 18시,수요일,세종특별자치시 조치원읍,2,젖음/습기,1,비,교차로 - 교차로부근,4,4,1
2022년 6월 30일 08시,목요일,세종특별자치시 연기면,3,건조,0,흐림,단일로 - 기타,1,1,1
2022년 6월 30일 11시,목요일,세종특별자치시 나성동,3,건조,0,맑음,교차로 - 교차로부근,0,4,2
2022년 6월 30일 16시,목요일,세종특별자치시 조치원읍,3,건조,0,흐림,교차로 - 교차로안,1,0,1
2022년 6월 30일 16시,목요일,세종특별자치시 아름동,3,건조,0,맑음,교차로 - 교차로안,0,0,4
2022년 6월 30일 16시,목요일,세종특별자치시 종촌동,3,건조,0,흐림,교차로 - 교차로안,1,0,2
2022년 6월 30일 23시,목요일,세종특별자치시 보람동,3,젖음/습기,1,흐림,교차로 - 교차로부근,1,4,2
2022년 7월 1일 16시,금요일,세종특별자치시 부강면,4,건조,0,맑음,단일로 - 기타,0,1,4
2022년 7월 1일 17시,금요일,세종특별자치시 전의면,4,건조,0,맑음,단일로 - 기타,0,1,2
2022년 7월 2일 15시,토요일,세종특별자치시 연서면,6,건조,0,맑음,교차로 - 교차로안,0,0,3
2022년 7월 3일 13시,일요일,세종특별자치시 아름동,0,건조,0,맑음,교차로 - 교차로부근,0,4,2
2022년 7월 3일 13시,일요일,세종특별자치시 금남면,0,건조,0,맑음,교차로 - 교차로안,0,0,3
2022년 7월 3일 17시,일요일,세종특별자치시 장군면,0,건조,0,맑음,단일로 - 기타,0,1,3
2022년 7월 3일 21시,일요일,세종특별자치시 종촌동,0,기타,3,흐림,기타 - 기타,1,2,1
2022년 7월 4일 03시,월요일,세종특별자치시 연기면,1,건조,0,맑음,단일로 - 교량,0,9,2
2022년 7월 4일 08시,월요일,세종특별자치시 아름동,1,건조,0,맑음,교차로 - 교차로부근,0,4,1
2022년 7월 5일 07시,화요일,세종특별자치시 소담동,5,건조,0,맑음,교차로 - 교차로안,0,0,1
2022년 7월 5일 08시,화요일,세종특별자치시 새롬동,5,건조,0,맑음,단일로 - 기타,0,1,1
2022년 7월 5일 17시,화요일,세종특별자치시 종촌동,5,건조,0,맑음,단일로 - 기타,0,1,2
2022년 7월 5일 21시,화요일,세종특별자치시 종촌동,5,건조,0,기타,단일로 - 기타,3,1,1
2022년 7월 6일 17시,수요일,세종특별자치시 종촌동,2,젖음/습기,1,흐림,교차로 - 교차로안,1,0,1
2022년 7월 7일 14시,목요일,세종특별자치시 나성동,3,건조,0,맑음,교차로 - 교차로횡단보도내,0,7,1
2022년 7월 7일 14시,목요일,세종특별자치시 종촌동,3,건조,0,맑음,교차로 - 교차로부근,0,4,1
2022년 7월 7일 15시,목요일,세종특별자치시 종촌동,3,건조,0,맑음,기타 - 기타,0,2,1
2022년 7월 7일 16시,목요일,세종특별자치시 고운동,3,건조,0,맑음,교차로 - 교차로부근,0,4,1
2022년 7월 7일 21시,목요일,세종특별자치시 나성동,3,젖음/습기,1,흐림,단일로 - 기타,1,1,1
2022년 7월 8일 07시,금요일,세종특별자치시 전의면,4,건조,0,맑음,교차로 - 교차로안,0,0,1
2022년 7월 8일 10시,금요일,세종특별자치시 도담동,4,건조,0,맑음,교차로 - 교차로부근,0,4,1
2022년 7월 9일 16시,토요일,세종특별자치시 도담동,6,건조,0,맑음,교차로 - 교차로안,0,0,1
2022년 7월 9일 21시,토요일,세종특별자치시 도담동,6,건조,0,맑음,단일로 - 기타,0,1,2
2022년 7월 11일 18시,월요일,세종특별자치시 집현동,1,건조,0,맑음,단일로 - 기타,0,1,1
2022년 7월 12일 10시,화요일,세종특별자치시 어진동,5,건조,0,흐림,교차로 - 교차로안,1,0,1
2022년 7월 12일 15시,화요일,세종특별자치시 소담동,5,건조,0,흐림,단일로 - 기타,1,1,2
2022년 7월 12일 15시,화요일,세종특별자치시 금남면,5,건조,0,맑음,단일로 - 기타,0,1,2
2022년 7월 13일 08시,수요일,세종특별자치시 종촌동,2,건조,0,맑음,단일로 - 기타,0,1,1
2022년 7월 13일 09시,수요일,세종특별자치시 고운동,2,건조,0,맑음,기타 - 기타,0,2,1
2022년 7월 13일 16시,수요일,세종특별자치시 종촌동,2,젖음/습기,1,맑음,교차로 - 교차로횡단보도내,0,7,1
2022년 7월 13일 23시,수요일,세종특별자치시 보람동,2,건조,0,맑음,교차로 - 교차로횡단보도내,0,7,1
2022년 7월 14일 08시,목요일,세종특별자치시 어진동,3,건조,0,맑음,교차로 - 교차로부근,0,4,1
2022년 7월 14일 14시,목요일,세종특별자치시 도담동,3,젖음/습기,1,비,교차로 - 교차로부근,4,4,1
2022년 7월 15일 00시,금요일,세종특별자치시 도담동,4,건조,0,기타,단일로 - 기타,3,1,1
2022년 7월 15일 07시,금요일,세종특별자치시 전의면,4,건조,0,맑음,교차로 - 교차로안,0,0,1
2022년 7월 15일 17시,금요일,세종특별자치시 다정동,4,건조,0,맑음,교차로 - 교차로안,0,0,1
2022년 7월 15일 21시,금요일,세종특별자치시 금남면,4,건조,0,흐림,단일로 - 기타,1,1,1
2022년 7월 16일 12시,토요일,세종특별자치시 장군면,6,건조,0,흐림,교차로 - 교차로안,1,0,1
2022년 7월 16일 19시,토요일,세종특별자치시 조치원읍,6,건조,0,맑음,교차로 - 교차로안,0,0,3
2022년 7월 17일 12시,일요일,세종특별자치시 조치원읍,0,건조,0,맑음,교차로 - 교차로안,0,0,2
2022년 7월 17일 18시,일요일,세종특별자치시 아름동,0,건조,0,맑음,기타 - 기타,0,2,1
2022년 7월 18일 19시,월요일,세종특별자치시 조치원읍,1,젖음/습기,1,비,단일로 - 기타,4,1,1
2022년 7월 18일 19시,월요일,세종특별자치시 집현동,1,젖음/습기,1,흐림,단일로 - 기타,1,1,1
2022년 7월 19일 06시,화요일,세종특별자치시 세종동,5,건조,0,맑음,교차로 - 교차로부근,0,4,1
2022년 7월 19일 11시,화요일,세종특별자치시 대평동,5,건조,0,맑음,교차로 - 교차로횡단보도내,0,7,1
2022년 7월 19일 20시,화요일,세종특별자치시 한솔동,5,건조,0,맑음,교차로 - 교차로횡단보도내,0,7,1
2022년 7월 20일 05시,수요일,세종특별자치시 나성동,2,건조,0,맑음,단일로 - 기타,0,1,1
2022년 7월 20일 07시,수요일,세종특별자치시 전의면,2,건조,0,맑음,교차로 - 교차로안,0,0,1
2022년 7월 20일 16시,수요일,세종특별자치시 부강면,2,건조,0,맑음,교차로 - 교차로안,0,0,1
2022년 7월 21일 09시,목요일,세종특별자치시 어진동,3,젖음/습기,1,비,교차로 - 교차로부근,4,4,2
2022년 7월 21일 15시,목요일,세종특별자치시 새롬동,3,젖음/습기,1,흐림,단일로 - 기타,1,1,2
2022년 7월 21일 15시,목요일,세종특별자치시 고운동,3,건조,0,흐림,교차로 - 교차로부근,1,4,2
2022년 7월 21일 17시,목요일,세종특별자치시 대평동,3,젖음/습기,1,흐림,교차로 - 교차로안,1,0,1
2022년 7월 21일 18시,목요일,세종특별자치시 다정동,3,건조,0,흐림,단일로 - 기타,1,1,1
2022년 7월 22일 04시,금요일,세종특별자치시 대평동,4,젖음/습기,1,흐림,교차로 - 교차로안,1,0,1
2022년 7월 22일 08시,금요일,세종특별자치시 집현동,4,건조,0,맑음,교차로 - 교차로안,0,0,1
2022년 7월 22일 13시,금요일,세종특별자치시 종촌동,4,건조,0,맑음,단일로 - 기타,0,1,1
2022년 7월 22일 14시,금요일,세종특별자치시 어진동,4,건조,0,맑음,교차로 - 교차로안,0,0,2
2022년 7월 22일 16시,금요일,세종특별자치시 대평동,4,건조,0,맑음,단일로 - 터널,0,6,1
2022년 7월 23일 11시,토요일,세종특별자치시 나성동,6,건조,0,맑음,단일로 - 기타,0,1,1
2022년 7월 23일 15시,토요일,세종특별자치시 보람동,6,건조,0,맑음,단일로 - 기타,0,1,1
2022년 7월 24일 18시,일요일,세종특별자치시 대평동,0,건조,0,흐림,단일로 - 기타,1,1,1
2022년 7월 24일 22시,일요일,세종특별자치시 대평동,0,젖음/습기,1,흐림,교차로 - 교차로안,1,0,3
2022년 7월 25일 18시,월요일,세종특별자치시 종촌동,1,건조,0,맑음,기타 - 기타,0,2,1
2022년 7월 26일 00시,화요일,세종특별자치시 나성동,5,건조,0,맑음,단일로 - 기타,0,1,1
2022년 7월 26일 11시,화요일,세종특별자치시 전의면,5,건조,0,맑음,기타 - 기타,0,2,2
2022년 7월 26일 18시,화요일,세종특별자치시 조치원읍,5,건조,0,맑음,교차로 - 교차로안,0,0,1
2022년 7월 27일 18시,수요일,세종특별자치시 새롬동,2,건조,0,맑음,교차로 - 교차로부근,0,4,1
2022년 7월 28일 10시,목요일,세종특별자치시 보람동,3,건조,0,맑음,교차로 - 교차로횡단보도내,0,7,1
2022년 7월 29일 07시,금요일,세종특별자치시 조치원읍,4,건조,0,맑음,단일로 - 기타,0,1,1
2022년 7월 29일 20시,금요일,세종특별자치시 소정면,4,건조,0,맑음,교차로 - 교차로부근,0,4,1
2022년 7월 30일 12시,토요일,세종특별자치시 도담동,6,건조,0,흐림,단일로 - 기타,1,1,6
2022년 7월 30일 17시,토요일,세종특별자치시 전의면,6,건조,0,맑음,교차로 - 교차로부근,0,4,1
2022년 7월 30일 19시,토요일,세종특별자치시 다정동,6,건조,0,흐림,단일로 - 기타,1,1,1
2022년 7월 30일 23시,토요일,세종특별자치시 나성동,6,건조,0,흐림,교차로 - 교차로부근,1,4,1
2022년 7월 31일 15시,일요일,세종특별자치시 소정면,0,젖음/습기,1,비,단일로 - 기타,4,1,1
2022년 7월 31일 17시,일요일,세종특별자치시 조치원읍,0,건조,0,맑음,단일로 - 기타,0,1,1
2022년 7월 31일 23시,일요일,세종특별자치시 도담동,0,젖음/습기,1,비,기타 - 기타,4,2,1
2022년 8월 1일 17시,월요일,세종특별자치시 해밀동,1,건조,0,맑음,교차로 - 교차로안,0,0,1
2022년 8월 1일 19시,월요일,세종특별자치시 반곡동,1,건조,0,맑음,단일로 - 기타,0,1,1
2022년 8월 2일 16시,화요일,세종특별자치시 보람동,5,건조,0,맑음,단일로 - 기타,0,1,1
2022년 8월 3일 20시,수요일,세종특별자치시 보람동,2,건조,0,맑음,단일로 - 기타,0,1,1
2022년 8월 4일 08시,목요일,세종특별자치시 고운동,3,건조,0,맑음,교차로 - 교차로안,0,0,2
2022년 8월 4일 20시,목요일,세종특별자치시 장군면,3,건조,0,맑음,단일로 - 기타,0,1,1
2022년 8월 5일 12시,금요일,세종특별자치시 종촌동,4,건조,0,맑음,교차로 - 교차로안,0,0,1
2022년 8월 6일 08시,토요일,세종특별자치시 도담동,6,건조,0,맑음,단일로 - 기타,0,1,2
2022년 8월 6일 17시,토요일,세종특별자치시 장군면,6,건조,0,맑음,단일로 - 기타,0,1,3
2022년 8월 6일 18시,토요일,세종특별자치시 아름동,6,건조,0,맑음,교차로 - 교차로안,0,0,2
2022년 8월 7일 19시,일요일,세종특별자치시 금남면,0,건조,0,맑음,단일로 - 기타,0,1,5
2022년 8월 8일 14시,월요일,세종특별자치시 전의면,1,젖음/습기,1,비,단일로 - 기타,4,1,1
2022년 8월 8일 17시,월요일,세종특별자치시 보람동,1,젖음/습기,1,흐림,교차로 - 교차로부근,1,4,1
2022년 8월 9일 09시,화요일,세종특별자치시 조치원읍,5,젖음/습기,1,흐림,교차로 - 교차로안,1,0,1
2022년 8월 9일 13시,화요일,세종특별자치시 조치원읍,5,건조,0,맑음,교차로 - 교차로안,0,0,1
2022년 8월 10일 00시,수요일,세종특별자치시 조치원읍,2,건조,0,흐림,교차로 - 교차로부근,1,4,1
2022년 8월 10일 18시,수요일,세종특별자치시 조치원읍,2,젖음/습기,1,비,교차로 - 교차로횡단보도내,4,7,1
2022년 8월 11일 22시,목요일,세종특별자치시 대평동,3,젖음/습기,1,비,교차로 - 교차로안,4,0,1
2022년 8월 11일 23시,목요일,세종특별자치시 고운동,3,젖음/습기,1,비,교차로 - 교차로부근,4,4,1
2022년 8월 11일 23시,목요일,세종특별자치시 다정동,3,건조,0,맑음,교차로 - 교차로횡단보도내,0,7,4
2022년 8월 12일 16시,금요일,세종특별자치시 나성동,4,건조,0,맑음,교차로 - 교차로안,0,0,1
2022년 8월 12일 17시,금요일,세종특별자치시 나성동,4,건조,0,맑음,교차로 - 교차로부근,0,4,1
2022년 8월 12일 22시,금요일,세종특별자치시 나성동,4,건조,0,흐림,교차로 - 교차로안,1,0,1
2022년 8월 13일 14시,토요일,세종특별자치시 조치원읍,6,젖음/습기,1,비,교차로 - 교차로부근,4,4,2
2022년 8월 13일 16시,토요일,세종특별자치시 연동면,6,건조,0,맑음,교차로 - 교차로안,0,0,1
2022년 8월 13일 21시,토요일,세종특별자치시 조치원읍,6,건조,0,맑음,단일로 - 기타,0,1,1
2022년 8월 15일 22시,월요일,세종특별자치시 나성동,1,젖음/습기,1,비,단일로 - 기타,4,1,1
2022년 8월 16일 08시,화요일,세종특별자치시 조치원읍,5,건조,0,흐림,교차로 - 교차로부근,1,4,1
2022년 8월 16일 08시,화요일,세종특별자치시 산울동,5,건조,0,맑음,단일로 - 기타,0,1,1
2022년 8월 16일 23시,화요일,세종특별자치시 반곡동,5,건조,0,맑음,교차로 - 교차로안,0,0,2
2022년 8월 17일 08시,수요일,세종특별자치시 새롬동,2,건조,0,맑음,교차로 - 교차로안,0,0,1
2022년 8월 17일 17시,수요일,세종특별자치시 금남면,2,건조,0,맑음,교차로 - 교차로부근,0,4,1
2022년 8월 17일 23시,수요일,세종특별자치시 어진동,2,건조,0,흐림,교차로 - 교차로안,1,0,1
2022년 8월 18일 08시,목요일,세종특별자치시 금남면,3,건조,0,흐림,단일로 - 기타,1,1,1
2022년 8월 18일 13시,목요일,세종특별자치시 전의면,3,건조,0,맑음,교차로 - 교차로안,0,0,6
2022년 8월 18일 16시,목요일,세종특별자치시 조치원읍,3,건조,0,흐림,단일로 - 고가도로위,1,3,1
2022년 8월 18일 16시,목요일,세종특별자치시 대평동,3,건조,0,맑음,교차로 - 교차로횡단보도내,0,7,1
2022년 8월 18일 20시,목요일,세종특별자치시 조치원읍,3,건조,0,맑음,단일로 - 기타,0,1,1
2022년 8월 19일 12시,금요일,세종특별자치시 나성동,4,건조,0,맑음,교차로 - 교차로안,0,0,1
2022년 8월 19일 16시,금요일,세종특별자치시 조치원읍,4,건조,0,흐림,교차로 - 교차로부근,1,4,1
2022년 8월 19일 17시,금요일,세종특별자치시 종촌동,4,건조,0,맑음,기타 - 기타,0,2,1
2022년 8월 19일 18시,금요일,세종특별자치시 고운동,4,건조,0,맑음,교차로 - 교차로안,0,0,1
2022년 8월 19일 18시,금요일,세종특별자치시 소담동,4,건조,0,맑음,교차로 - 교차로횡단보도내,0,7,1
2022년 8월 19일 20시,금요일,세종특별자치시 조치원읍,4,건조,0,맑음,단일로 - 기타,0,1,1
2022년 8월 19일 21시,금요일,세종특별자치시 종촌동,4,건조,0,맑음,교차로 - 교차로횡단보도내,0,7,1
2022년 8월 19일 23시,금요일,세종특별자치시 조치원읍,4,건조,0,맑음,교차로 - 교차로안,0,0,1
2022년 8월 20일 09시,토요일,세종특별자치시 아름동,6,건조,0,흐림,단일로 - 기타,1,1,1
2022년 8월 20일 12시,토요일,세종특별자치시 어진동,6,건조,0,맑음,교차로 - 교차로부근,0,4,1
2022년 8월 20일 12시,토요일,세종특별자치시 나성동,6,건조,0,맑음,교차로 - 교차로안,0,0,1
2022년 8월 20일 13시,토요일,세종특별자치시 어진동,6,건조,0,맑음,단일로 - 기타,0,1,2
2022년 8월 20일 16시,토요일,세종특별자치시 나성동,6,건조,0,맑음,단일로 - 기타,0,1,1
2022년 8월 21일 09시,일요일,세종특별자치시 도담동,0,건조,0,맑음,단일로 - 기타,0,1,1
2022년 8월 21일 10시,일요일,세종특별자치시 소정면,0,건조,0,맑음,기타 - 기타,0,2,1
2022년 8월 21일 14시,일요일,세종특별자치시 조치원읍,0,건조,0,맑음,교차로 - 교차로안,0,0,1
2022년 8월 21일 19시,일요일,세종특별자치시 어진동,0,건조,0,맑음,교차로 - 교차로안,0,0,1
2022년 8월 22일 07시,월요일,세종특별자치시 합강동,1,건조,0,맑음,단일로 - 기타,0,1,3
2022년 8월 22일 07시,월요일,세종특별자치시 새롬동,1,건조,0,맑음,교차로 - 교차로안,0,0,1
2022년 8월 22일 15시,월요일,세종특별자치시 다정동,1,건조,0,맑음,단일로 - 기타,0,1,2
2022년 8월 22일 17시,월요일,세종특별자치시 종촌동,1,건조,0,맑음,교차로 - 교차로횡단보도내,0,7,1
2022년 8월 23일 17시,화요일,세종특별자치시 연기면,5,젖음/습기,1,흐림,단일로 - 기타,1,1,2
2022년 8월 23일 20시,화요일,세종특별자치시 장군면,5,건조,0,흐림,교차로 - 교차로부근,1,4,1
2022년 8월 24일 11시,수요일,세종특별자치시 조치원읍,2,건조,0,맑음,단일로 - 기타,0,1,1
2022년 8월 24일 14시,수요일,세종특별자치시 고운동,2,건조,0,맑음,단일로 - 기타,0,1,1
2022년 8월 24일 19시,수요일,세종특별자치시 조치원읍,2,건조,0,맑음,교차로 - 교차로부근,0,4,1
2022년 8월 25일 22시,목요일,세종특별자치시 반곡동,3,건조,0,맑음,단일로 - 기타,0,1,1
2022년 8월 27일 02시,토요일,세종특별자치시 한솔동,6,건조,0,맑음,단일로 - 기타,0,1,1
2022년 8월 27일 10시,토요일,세종특별자치시 종촌동,6,건조,0,맑음,단일로 - 기타,0,1,1
2022년 8월 27일 11시,토요일,세종특별자치시 다정동,6,건조,0,맑음,교차로 - 교차로안,0,0,1
2022년 8월 27일 17시,토요일,세종특별자치시 아름동,6,건조,0,맑음,교차로 - 교차로안,0,0,1
2022년 8월 28일 08시,일요일,세종특별자치시 부강면,0,건조,0,맑음,기타 - 기타,0,2,1
2022년 8월 28일 19시,일요일,세종특별자치시 조치원읍,0,건조,0,맑음,단일로 - 기타,0,1,1
2022년 8월 29일 12시,월요일,세종특별자치시 조치원읍,1,젖음/습기,1,비,교차로 - 교차로부근,4,4,2
2022년 8월 30일 08시,화요일,세종특별자치시 어진동,5,건조,0,흐림,교차로 - 교차로안,1,0,3
2022년 8월 30일 14시,화요일,세종특별자치시 어진동,5,젖음/습기,1,비,단일로 - 기타,4,1,1
2022년 8월 30일 18시,화요일,세종특별자치시 새롬동,5,젖음/습기,1,비,단일로 - 기타,4,1,1
2022년 8월 31일 11시,수요일,세종특별자치시 전동면,2,건조,0,흐림,단일로 - 기타,1,1,2
2022년 8월 31일 15시,수요일,세종특별자치시 조치원읍,2,건조,0,맑음,단일로 - 기타,0,1,1
2022년 9월 1일 02시,목요일,세종특별자치시 아름동,3,건조,0,맑음,단일로 - 기타,0,1,2
2022년 9월 1일 08시,목요일,세종특별자치시 조치원읍,3,건조,0,맑음,단일로 - 기타,0,1,2
2022년 9월 1일 08시,목요일,세종특별자치시 고운동,3,건조,0,맑음,교차로 - 교차로부근,0,4,2
2022년 9월 1일 08시,목요일,세종특별자치시 고운동,3,건조,0,맑음,교차로 - 교차로부근,0,4,1
2022년 9월 1일 12시,목요일,세종특별자치시 금남면,3,건조,0,맑음,단일로 - 기타,0,1,1
2022년 9월 1일 15시,목요일,세종특별자치시 연기면,3,건조,0,맑음,교차로 - 교차로부근,0,4,1
2022년 9월 2일 08시,금요일,세종특별자치시 세종동,4,건조,0,맑음,교차로 - 교차로부근,0,4,1
2022년 9월 2일 09시,금요일,세종특별자치시 전의면,4,건조,0,맑음,교차로 - 교차로안,0,0,2
2022년 9월 2일 13시,금요일,세종특별자치시 조치원읍,4,건조,0,맑음,교차로 - 교차로안,0,0,1
2022년 9월 2일 16시,금요일,세종특별자치시 조치원읍,4,건조,0,맑음,교차로 - 교차로안,0,0,1
2022년 9월 2일 18시,금요일,세종특별자치시 연서면,4,건조,0,맑음,단일로 - 기타,0,1,1
2022년 9월 2일 20시,금요일,세종특별자치시 다정동,4,건조,0,맑음,교차로 - 교차로부근,0,4,3
2022년 9월 3일 17시,토요일,세종특별자치시 연기면,6,건조,0,흐림,교차로 - 교차로안,1,0,1
2022년 9월 4일 08시,일요일,세종특별자치시 대평동,0,건조,0,맑음,단일로 - 기타,0,1,1
2022년 9월 4일 23시,일요일,세종특별자치시 어진동,0,젖음/습기,1,비,교차로 - 교차로부근,4,4,1
2022년 9월 5일 08시,월요일,세종특별자치시 소담동,1,젖음/습기,1,비,단일로 - 기타,4,1,1
2022년 9월 5일 10시,월요일,세종특별자치시 해밀동,1,건조,0,맑음,단일로 - 기타,0,1,1
2022년 9월 5일 16시,월요일,세종특별자치시 새롬동,1,젖음/습기,1,비,단일로 - 기타,4,1,2
2022년 9월 5일 18시,월요일,세종특별자치시 반곡동,1,건조,0,맑음,교차로 - 교차로안,0,0,1
2022년 9월 6일 17시,화요일,세종특별자치시 대평동,5,건조,0,맑음,교차로 - 교차로횡단보도내,0,7,1
2022년 9월 7일 07시,수요일,세종특별자치시 장군면,2,건조,0,맑음,단일로 - 기타,0,1,1
2022년 9월 7일 08시,수요일,세종특별자치시 도담동,2,건조,0,맑음,교차로 - 교차로안,0,0,2
2022년 9월 7일 10시,수요일,세종특별자치시 고운동,2,건조,0,맑음,교차로 - 교차로안,0,0,2
2022년 9월 7일 15시,수요일,세종특별자치시 아름동,2,건조,0,맑음,기타 - 기타,0,2,1
2022년 9월 7일 17시,수요일,세종특별자치시 조치원읍,2,건조,0,맑음,단일로 - 기타,0,1,1
2022년 9월 7일 17시,수요일,세종특별자치시 금남면,2,건조,0,맑음,단일로 - 교량,0,9,3
2022년 9월 7일 18시,수요일,세종특별자치시 고운동,2,건조,0,맑음,교차로 - 교차로횡단보도내,0,7,1
2022년 9월 7일 19시,수요일,세종특별자치시 조치원읍,2,건조,0,맑음,단일로 - 기타,0,1,1
2022년 9월 7일 22시,수요일,세종특별자치시 다정동,2,건조,0,맑음,교차로 - 교차로부근,0,4,1
2022년 9월 8일 12시,목요일,세종특별자치시 종촌동,3,건조,0,맑음,교차로 - 교차로안,0,0,1
2022년 9월 8일 14시,목요일,세종특별자치시 연동면,3,건조,0,맑음,단일로 - 기타,0,1,2
2022년 9월 8일 16시,목요일,세종특별자치시 도담동,3,건조,0,맑음,교차로 - 교차로안,0,0,2
2022년 9월 9일 16시,금요일,세종특별자치시 어진동,4,건조,0,맑음,교차로 - 교차로횡단보도내,0,7,1
2022년 9월 10일 11시,토요일,세종특별자치시 대평동,6,건조,0,맑음,단일로 - 교량,0,9,2
2022년 9월 13일 08시,화요일,세종특별자치시 반곡동,5,건조,0,맑음,교차로 - 교차로안,0,0,2
2022년 9월 13일 13시,화요일,세종특별자치시 나성동,5,건조,0,흐림,단일로 - 기타,1,1,1
2022년 9월 13일 17시,화요일,세종특별자치시 고운동,5,건조,0,흐림,교차로 - 교차로안,1,0,8
2022년 9월 13일 20시,화요일,세종특별자치시 소담동,5,건조,0,맑음,교차로 - 교차로안,0,0,1
2022년 9월 14일 05시,수요일,세종특별자치시 장군면,2,건조,0,맑음,단일로 - 기타,0,1,4
2022년 9월 14일 08시,수요일,세종특별자치시 새롬동,2,건조,0,맑음,단일로 - 기타,0,1,1
2022년 9월 14일 11시,수요일,세종특별자치시 조치원읍,2,건조,0,맑음,교차로 - 교차로안,0,0,1
2022년 9월 14일 16시,수요일,세종특별자치시 어진동,2,건조,0,맑음,교차로 - 교차로안,0,0,2
2022년 9월 14일 17시,수요일,세종특별자치시 아름동,2,건조,0,맑음,교차로 - 교차로횡단보도내,0,7,1
2022년 9월 15일 08시,목요일,세종특별자치시 부강면,3,건조,0,맑음,교차로 - 교차로안,0,0,2
2022년 9월 15일 09시,목요일,세종특별자치시 조치원읍,3,건조,0,맑음,단일로 - 기타,0,1,1
2022년 9월 15일 19시,목요일,세종특별자치시 고운동,3,건조,0,기타,단일로 - 기타,3,1,1
2022년 9월 15일 23시,목요일,세종특별자치시 도담동,3,건조,0,맑음,단일로 - 기타,0,1,1
2022년 9월 16일 08시,금요일,세종특별자치시 세종동,4,건조,0,맑음,단일로 - 기타,0,1,1
2022년 9월 16일 10시,금요일,세종특별자치시 다정동,4,건조,0,맑음,교차로 - 교차로횡단보도내,0,7,1
2022년 9월 16일 18시,금요일,세종특별자치시 고운동,4,젖음/습기,1,비,교차로 - 교차로안,4,0,1
2022년 9월 17일 15시,토요일,세종특별자치시 산울동,6,건조,0,맑음,단일로 - 기타,0,1,3
2022년 9월 17일 20시,토요일,세종특별자치시 소담동,6,건조,0,맑음,교차로 - 교차로안,0,0,2
2022년 9월 18일 13시,일요일,세종특별자치시 조치원읍,0,건조,0,맑음,교차로 - 교차로안,0,0,2
2022년 9월 18일 19시,일요일,세종특별자치시 소담동,0,건조,0,기타,교차로 - 교차로안,3,0,1
2022년 9월 18일 21시,일요일,세종특별자치시 종촌동,0,건조,0,맑음,교차로 - 교차로안,0,0,1
2022년 9월 19일 09시,월요일,세종특별자치시 대평동,1,건조,0,맑음,교차로 - 교차로횡단보도내,0,7,1
2022년 9월 19일 16시,월요일,세종특별자치시 다정동,1,건조,0,맑음,단일로 - 기타,0,1,1
2022년 9월 19일 18시,월요일,세종특별자치시 도담동,1,건조,0,맑음,교차로 - 교차로안,0,0,1
2022년 9월 19일 20시,월요일,세종특별자치시 전동면,1,건조,0,맑음,단일로 - 기타,0,1,1
2022년 9월 19일 20시,월요일,세종특별자치시 조치원읍,1,건조,0,맑음,단일로 - 교량,0,9,1
2022년 9월 19일 22시,월요일,세종특별자치시 조치원읍,1,건조,0,맑음,기타 - 기타,0,2,1
2022년 9월 20일 09시,화요일,세종특별자치시 조치원읍,5,건조,0,맑음,교차로 - 교차로안,0,0,1
2022년 9월 21일 08시,수요일,세종특별자치시 조치원읍,2,건조,0,맑음,교차로 - 교차로부근,0,4,1
2022년 9월 21일 17시,수요일,세종특별자치시 조치원읍,2,건조,0,맑음,교차로 - 교차로안,0,0,3
2022년 9월 22일 00시,목요일,세종특별자치시 나성동,3,기타,3,기타,교차로 - 교차로부근,3,4,2
2022년 9월 22일 08시,목요일,세종특별자치시 어진동,3,건조,0,맑음,교차로 - 교차로안,0,0,1
2022년 9월 22일 10시,목요일,세종특별자치시 소담동,3,건조,0,맑음,교차로 - 교차로안,0,0,2
2022년 9월 22일 16시,목요일,세종특별자치시 아름동,3,건조,0,맑음,단일로 - 기타,0,1,1
2022년 9월 22일 18시,목요일,세종특별자치시 도담동,3,젖음/습기,1,흐림,단일로 - 기타,1,1,1
2022년 9월 22일 18시,목요일,세종특별자치시 다정동,3,건조,0,맑음,단일로 - 터널,0,6,3
2022년 9월 23일 08시,금요일,세종특별자치시 어진동,4,건조,0,맑음,교차로 - 교차로횡단보도내,0,7,1
2022년 9월 23일 15시,금요일,세종특별자치시 나성동,4,건조,0,맑음,교차로 - 교차로안,0,0,1
2022년 9월 23일 18시,금요일,세종특별자치시 소담동,4,건조,0,맑음,단일로 - 기타,0,1,1
2022년 9월 23일 20시,금요일,세종특별자치시 연동면,4,건조,0,맑음,단일로 - 기타,0,1,1
2022년 9월 23일 21시,금요일,세종특별자치시 고운동,4,건조,0,맑음,교차로 - 교차로횡단보도내,0,7,1
2022년 9월 24일 00시,토요일,세종특별자치시 나성동,6,건조,0,맑음,단일로 - 기타,0,1,1
2022년 9월 24일 05시,토요일,세종특별자치시 아름동,6,건조,0,맑음,단일로 - 기타,0,1,1
2022년 9월 26일 14시,월요일,세종특별자치시 장군면,1,건조,0,맑음,기타 - 기타,0,2,1
2022년 9월 27일 06시,화요일,세종특별자치시 대평동,5,건조,0,맑음,교차로 - 교차로횡단보도내,0,7,1
2022년 9월 28일 17시,수요일,세종특별자치시 금남면,2,건조,0,맑음,단일로 - 기타,0,1,2
2022년 9월 28일 21시,수요일,세종특별자치시 한솔동,2,건조,0,맑음,단일로 - 기타,0,1,2
2022년 9월 29일 08시,목요일,세종특별자치시 연동면,3,건조,0,맑음,단일로 - 기타,0,1,1
2022년 9월 29일 08시,목요일,세종특별자치시 새롬동,3,건조,0,맑음,교차로 - 교차로횡단보도내,0,7,1
2022년 9월 29일 19시,목요일,세종특별자치시 종촌동,3,건조,0,맑음,교차로 - 교차로안,0,0,1
2022년 9월 30일 01시,금요일,세종특별자치시 연서면,4,건조,0,맑음,교차로 - 교차로안,0,0,1
2022년 9월 30일 09시,금요일,세종특별자치시 연서면,4,젖음/습기,1,안개,단일로 - 기타,5,1,1
2022년 9월 30일 23시,금요일,세종특별자치시 나성동,4,건조,0,맑음,기타 - 기타,0,2,2
2022년 10월 1일 13시,토요일,세종특별자치시 집현동,6,건조,0,맑음,교차로 - 교차로안,0,0,1
2022년 10월 2일 19시,일요일,세종특별자치시 나성동,0,건조,0,맑음,단일로 - 기타,0,1,1
2022년 10월 2일 21시,일요일,세종특별자치시 연기면,0,건조,0,맑음,단일로 - 기타,0,1,2
2022년 10월 3일 15시,월요일,세종특별자치시 전동면,1,젖음/습기,1,흐림,단일로 - 기타,1,1,1
2022년 10월 3일 18시,월요일,세종특별자치시 조치원읍,1,건조,0,맑음,교차로 - 교차로안,0,0,1
2022년 10월 4일 08시,화요일,세종특별자치시 전의면,5,젖음/습기,1,흐림,단일로 - 기타,1,1,1
2022년 10월 4일 13시,화요일,세종특별자치시 종촌동,5,건조,0,맑음,단일로 - 기타,0,1,2
2022년 10월 4일 14시,화요일,세종특별자치시 나성동,5,건조,0,맑음,교차로 - 교차로안,0,0,1
2022년 10월 4일 17시,화요일,세종특별자치시 새롬동,5,건조,0,맑음,교차로 - 교차로안,0,0,1
2022년 10월 4일 19시,화요일,세종특별자치시 어진동,5,건조,0,맑음,단일로 - 지하차도(도로)내,0,8,1
2022년 10월 5일 17시,수요일,세종특별자치시 아름동,2,건조,0,맑음,교차로 - 교차로부근,0,4,1
2022년 10월 6일 03시,목요일,세종특별자치시 나성동,3,젖음/습기,1,비,단일로 - 기타,4,1,2
2022년 10월 6일 11시,목요일,세종특별자치시 연기면,3,건조,0,맑음,단일로 - 기타,0,1,1
2022년 10월 6일 14시,목요일,세종특별자치시 새롬동,3,건조,0,맑음,단일로 - 지하차도(도로)내,0,8,1
2022년 10월 6일 16시,목요일,세종특별자치시 나성동,3,건조,0,맑음,기타 - 기타,0,2,2
2022년 10월 6일 16시,목요일,세종특별자치시 아름동,3,건조,0,맑음,기타 - 기타,0,2,1
2022년 10월 6일 20시,목요일,세종특별자치시 나성동,3,건조,0,맑음,단일로 - 기타,0,1,1
2022년 10월 6일 22시,목요일,세종특별자치시 다정동,3,건조,0,맑음,교차로 - 교차로안,0,0,1
2022년 10월 7일 17시,금요일,세종특별자치시 가람동,4,건조,0,맑음,단일로 - 지하차도(도로)내,0,8,1
2022년 10월 7일 20시,금요일,세종특별자치시 대평동,4,건조,0,맑음,교차로 - 교차로부근,0,4,2
2022년 10월 8일 14시,토요일,세종특별자치시 대평동,6,건조,0,맑음,교차로 - 교차로부근,0,4,4
2022년 10월 8일 16시,토요일,세종특별자치시 소담동,6,건조,0,맑음,기타 - 기타,0,2,1
2022년 10월 10일 05시,월요일,세종특별자치시 도담동,1,건조,0,맑음,교차로 - 교차로안,0,0,3
2022년 10월 10일 07시,월요일,세종특별자치시 부강면,1,건조,0,맑음,교차로 - 교차로안,0,0,3
2022년 10월 10일 08시,월요일,세종특별자치시 전의면,1,젖음/습기,1,흐림,단일로 - 기타,1,1,1
2022년 10월 10일 16시,월요일,세종특별자치시 나성동,1,젖음/습기,1,흐림,교차로 - 교차로부근,1,4,4
2022년 10월 11일 06시,화요일,세종특별자치시 장군면,5,건조,0,흐림,단일로 - 기타,1,1,1
2022년 10월 11일 11시,화요일,세종특별자치시 전동면,5,건조,0,맑음,단일로 - 기타,0,1,1
2022년 10월 11일 13시,화요일,세종특별자치시 금남면,5,건조,0,맑음,단일로 - 기타,0,1,1
2022년 10월 12일 07시,수요일,세종특별자치시 조치원읍,2,젖음/습기,1,안개,교차로 - 교차로안,5,0,1
2022년 10월 12일 07시,수요일,세종특별자치시 부강면,2,젖음/습기,1,안개,단일로 - 기타,5,1,9
2022년 10월 12일 07시,수요일,세종특별자치시 소담동,2,건조,0,맑음,단일로 - 기타,0,1,1
2022년 10월 12일 19시,수요일,세종특별자치시 조치원읍,2,건조,0,맑음,교차로 - 교차로부근,0,4,1
2022년 10월 12일 21시,수요일,세종특별자치시 나성동,2,건조,0,맑음,단일로 - 기타,0,1,1
2022년 10월 13일 07시,목요일,세종특별자치시 아름동,3,건조,0,맑음,단일로 - 기타,0,1,1
2022년 10월 13일 07시,목요일,세종특별자치시 연기면,3,건조,0,맑음,단일로 - 교량,0,9,2
2022년 10월 13일 09시,목요일,세종특별자치시 조치원읍,3,건조,0,맑음,단일로 - 기타,0,1,1
2022년 10월 13일 17시,목요일,세종특별자치시 나성동,3,건조,0,맑음,교차로 - 교차로횡단보도내,0,7,1
2022년 10월 13일 17시,목요일,세종특별자치시 소담동,3,건조,0,맑음,단일로 - 기타,0,1,1
2022년 10월 13일 17시,목요일,세종특별자치시 도담동,3,건조,0,맑음,교차로 - 교차로안,0,0,1
2022년 10월 14일 05시,금요일,세종특별자치시 금남면,4,건조,0,맑음,단일로 - 기타,0,1,1
2022년 10월 14일 12시,금요일,세종특별자치시 조치원읍,4,건조,0,맑음,교차로 - 교차로부근,0,4,1
2022년 10월 14일 15시,금요일,세종특별자치시 한솔동,4,건조,0,맑음,교차로 - 교차로횡단보도내,0,7,1
2022년 10월 14일 21시,금요일,세종특별자치시 조치원읍,4,건조,0,맑음,단일로 - 기타,0,1,1
2022년 10월 14일 21시,금요일,세종특별자치시 소담동,4,건조,0,맑음,교차로 - 교차로안,0,0,1
2022년 10월 15일 08시,토요일,세종특별자치시 소담동,6,건조,0,맑음,교차로 - 교차로안,0,0,2
2022년 10월 15일 15시,토요일,세종특별자치시 연서면,6,건조,0,맑음,교차로 - 교차로안,0,0,1
2022년 10월 15일 17시,토요일,세종특별자치시 장군면,6,건조,0,맑음,단일로 - 기타,0,1,1
2022년 10월 15일 18시,토요일,세종특별자치시 부강면,6,건조,0,맑음,교차로 - 교차로안,0,0,2
2022년 10월 15일 20시,토요일,세종특별자치시 나성동,6,건조,0,기타,교차로 - 교차로안,3,0,6
2022년 10월 15일 20시,토요일,세종특별자치시 가람동,6,건조,0,맑음,주차장 - 주차장,0,5,1
2022년 10월 16일 02시,일요일,세종특별자치시 조치원읍,0,건조,0,맑음,교차로 - 교차로안,0,0,1
2022년 10월 16일 06시,일요일,세종특별자치시 소정면,0,건조,0,맑음,교차로 - 교차로부근,0,4,1
2022년 10월 18일 07시,화요일,세종특별자치시 연동면,5,건조,0,맑음,단일로 - 기타,0,1,1
2022년 10월 18일 07시,화요일,세종특별자치시 고운동,5,건조,0,맑음,교차로 - 교차로부근,0,4,4
2022년 10월 18일 08시,화요일,세종특별자치시 새롬동,5,건조,0,맑음,교차로 - 교차로안,0,0,1
2022년 10월 18일 12시,화요일,세종특별자치시 조치원읍,5,건조,0,맑음,단일로 - 기타,0,1,1
2022년 10월 18일 16시,화요일,세종특별자치시 조치원읍,5,건조,0,맑음,교차로 - 교차로안,0,0,1
2022년 10월 18일 17시,화요일,세종특별자치시 다정동,5,건조,0,맑음,교차로 - 교차로안,0,0,1
2022년 10월 18일 17시,화요일,세종특별자치시 장군면,5,건조,0,맑음,단일로 - 기타,0,1,1
2022년 10월 18일 22시,화요일,세종특별자치시 고운동,5,젖음/습기,1,비,단일로 - 기타,4,1,2
2022년 10월 19일 01시,수요일,세종특별자치시 나성동,2,건조,0,맑음,교차로 - 교차로안,0,0,1
2022년 10월 19일 08시,수요일,세종특별자치시 조치원읍,2,건조,0,맑음,단일로 - 기타,0,1,1
2022년 10월 19일 14시,수요일,세종특별자치시 조치원읍,2,건조,0,맑음,단일로 - 기타,0,1,1
2022년 10월 19일 14시,수요일,세종특별자치시 다정동,2,건조,0,맑음,단일로 - 기타,0,1,1
2022년 10월 19일 15시,수요일,세종특별자치시 아름동,2,건조,0,맑음,교차로 - 교차로안,0,0,3
2022년 10월 19일 17시,수요일,세종특별자치시 조치원읍,2,건조,0,맑음,교차로 - 교차로부근,0,4,1
2022년 10월 19일 17시,수요일,세종특별자치시 어진동,2,건조,0,맑음,교차로 - 교차로안,0,0,1
2022년 10월 19일 18시,수요일,세종특별자치시 집현동,2,건조,0,맑음,단일로 - 기타,0,1,1
2022년 10월 20일 09시,목요일,세종특별자치시 부강면,3,건조,0,맑음,교차로 - 교차로부근,0,4,1
2022년 10월 20일 09시,목요일,세종특별자치시 새롬동,3,건조,0,맑음,교차로 - 교차로안,0,0,2
2022년 10월 21일 14시,금요일,세종특별자치시 어진동,4,건조,0,맑음,교차로 - 교차로안,0,0,1
2022년 10월 21일 15시,금요일,세종특별자치시 소담동,4,건조,0,맑음,교차로 - 교차로안,0,0,1
2022년 10월 21일 17시,금요일,세종특별자치시 전동면,4,건조,0,맑음,교차로 - 교차로부근,0,4,1
2022년 10월 21일 20시,금요일,세종특별자치시 도담동,4,건조,0,맑음,교차로 - 교차로안,0,0,1
2022년 10월 21일 21시,금요일,세종특별자치시 대평동,4,건조,0,맑음,단일로 - 기타,0,1,1
2022년 10월 22일 14시,토요일,세종특별자치시 새롬동,6,건조,0,맑음,교차로 - 교차로안,0,0,9
2022년 10월 23일 11시,일요일,세종특별자치시 어진동,0,건조,0,맑음,교차로 - 교차로횡단보도내,0,7,1
2022년 10월 24일 21시,월요일,세종특별자치시 조치원읍,1,건조,0,맑음,교차로 - 교차로부근,0,4,1
2022년 10월 25일 19시,화요일,세종특별자치시 집현동,5,건조,0,기타,교차로 - 교차로안,3,0,1
2022년 10월 25일 23시,화요일,세종특별자치시 반곡동,5,건조,0,맑음,교차로 - 교차로안,0,0,1
2022년 10월 26일 00시,수요일,세종특별자치시 대평동,2,건조,0,맑음,교차로 - 교차로안,0,0,1
2022년 10월 26일 09시,수요일,세종특별자치시 조치원읍,2,건조,0,맑음,교차로 - 교차로안,0,0,1
2022년 10월 27일 09시,목요일,세종특별자치시 소담동,3,건조,0,맑음,단일로 - 기타,0,1,1
2022년 10월 27일 17시,목요일,세종특별자치시 조치원읍,3,건조,0,맑음,단일로 - 기타,0,1,1
2022년 10월 28일 02시,금요일,세종특별자치시 종촌동,4,건조,0,맑음,단일로 - 기타,0,1,1
2022년 10월 28일 06시,금요일,세종특별자치시 장군면,4,건조,0,맑음,단일로 - 기타,0,1,1
2022년 10월 28일 10시,금요일,세종특별자치시 고운동,4,건조,0,맑음,교차로 - 교차로안,0,0,5
2022년 10월 28일 10시,금요일,세종특별자치시 도담동,4,건조,0,맑음,교차로 - 교차로안,0,0,2
2022년 10월 28일 13시,금요일,세종특별자치시 반곡동,4,건조,0,맑음,단일로 - 기타,0,1,1
2022년 10월 28일 18시,금요일,세종특별자치시 나성동,4,건조,0,맑음,교차로 - 교차로안,0,0,2
2022년 10월 28일 21시,금요일,세종특별자치시 조치원읍,4,건조,0,맑음,교차로 - 교차로안,0,0,1
2022년 10월 29일 08시,토요일,세종특별자치시 조치원읍,6,건조,0,맑음,교차로 - 교차로안,0,0,2
2022년 10월 29일 12시,토요일,세종특별자치시 전동면,6,건조,0,맑음,단일로 - 기타,0,1,1
2022년 10월 29일 18시,토요일,세종특별자치시 세종동,6,건조,0,맑음,단일로 - 기타,0,1,1
2022년 10월 29일 18시,토요일,세종특별자치시 다정동,6,건조,0,맑음,교차로 - 교차로횡단보도내,0,7,1
2022년 10월 30일 13시,일요일,세종특별자치시 고운동,0,건조,0,맑음,교차로 - 교차로부근,0,4,1
2022년 10월 30일 15시,일요일,세종특별자치시 다정동,0,건조,0,맑음,단일로 - 기타,0,1,1
2022년 10월 31일 07시,월요일,세종특별자치시 전의면,1,건조,0,맑음,단일로 - 기타,0,1,1
2022년 10월 31일 10시,월요일,세종특별자치시 부강면,1,건조,0,맑음,교차로 - 교차로부근,0,4,1
2022년 10월 31일 15시,월요일,세종특별자치시 반곡동,1,건조,0,맑음,교차로 - 교차로안,0,0,2
2022년 10월 31일 17시,월요일,세종특별자치시 새롬동,1,건조,0,맑음,교차로 - 교차로부근,0,4,1
2022년 10월 31일 17시,월요일,세종특별자치시 아름동,1,건조,0,맑음,기타 - 기타,0,2,3
2022년 10월 31일 18시,월요일,세종특별자치시 금남면,1,건조,0,맑음,단일로 - 기타,0,1,1
2022년 10월 31일 22시,월요일,세종특별자치시 나성동,1,건조,0,맑음,교차로 - 교차로부근,0,4,2
2022년 11월 1일 19시,화요일,세종특별자치시 나성동,5,건조,0,맑음,교차로 - 교차로횡단보도내,0,7,1
2022년 11월 1일 19시,화요일,세종특별자치시 종촌동,5,건조,0,맑음,교차로 - 교차로안,0,0,1
2022년 11월 3일 00시,목요일,세종특별자치시 연기면,3,건조,0,맑음,단일로 - 기타,0,1,1
2022년 11월 3일 18시,목요일,세종특별자치시 아름동,3,건조,0,맑음,교차로 - 교차로부근,0,4,3
2022년 11월 3일 19시,목요일,세종특별자치시 도담동,3,건조,0,맑음,교차로 - 교차로안,0,0,1
2022년 11월 3일 21시,목요일,세종특별자치시 나성동,3,건조,0,맑음,교차로 - 교차로부근,0,4,1
2022년 11월 4일 11시,금요일,세종특별자치시 고운동,4,건조,0,맑음,교차로 - 교차로안,0,0,1
2022년 11월 4일 13시,금요일,세종특별자치시 나성동,4,건조,0,맑음,교차로 - 교차로안,0,0,1
2022년 11월 4일 17시,금요일,세종특별자치시 아름동,4,건조,0,맑음,교차로 - 교차로부근,0,4,1
2022년 11월 4일 18시,금요일,세종특별자치시 보람동,4,건조,0,맑음,교차로 - 교차로안,0,0,2
2022년 11월 5일 11시,토요일,세종특별자치시 어진동,6,건조,0,맑음,단일로 - 기타,0,1,2
2022년 11월 5일 13시,토요일,세종특별자치시 전의면,6,건조,0,맑음,단일로 - 기타,0,1,4
2022년 11월 5일 14시,토요일,세종특별자치시 조치원읍,6,건조,0,맑음,교차로 - 교차로안,0,0,1
2022년 11월 6일 10시,일요일,세종특별자치시 나성동,0,건조,0,맑음,교차로 - 교차로안,0,0,1
2022년 11월 8일 12시,화요일,세종특별자치시 나성동,5,건조,0,맑음,교차로 - 교차로부근,0,4,1
2022년 11월 8일 18시,화요일,세종특별자치시 전의면,5,건조,0,맑음,단일로 - 기타,0,1,3
2022년 11월 9일 09시,수요일,세종특별자치시 새롬동,2,건조,0,맑음,단일로 - 기타,0,1,1
2022년 11월 9일 09시,수요일,세종특별자치시 고운동,2,기타,3,안개,교차로 - 교차로안,5,0,3
2022년 11월 9일 17시,수요일,세종특별자치시 고운동,2,건조,0,맑음,교차로 - 교차로안,0,0,1
2022년 11월 9일 18시,수요일,세종특별자치시 조치원읍,2,건조,0,맑음,단일로 - 기타,0,1,1
2022년 11월 9일 19시,수요일,세종특별자치시 새롬동,2,건조,0,맑음,교차로 - 교차로안,0,0,1
2022년 11월 9일 19시,수요일,세종특별자치시 금남면,2,건조,0,맑음,단일로 - 기타,0,1,1
2022년 11월 9일 22시,수요일,세종특별자치시 대평동,2,건조,0,맑음,교차로 - 교차로안,0,0,1
2022년 11월 10일 18시,목요일,세종특별자치시 소담동,3,건조,0,맑음,교차로 - 교차로안,0,0,1
2022년 11월 10일 18시,목요일,세종특별자치시 아름동,3,건조,0,맑음,기타 - 기타,0,2,1
2022년 11월 10일 22시,목요일,세종특별자치시 아름동,3,건조,0,맑음,단일로 - 기타,0,1,1
2022년 11월 11일 18시,금요일,세종특별자치시 조치원읍,4,건조,0,맑음,단일로 - 기타,0,1,2
2022년 11월 11일 18시,금요일,세종특별자치시 장군면,4,건조,0,기타,단일로 - 기타,3,1,1
2022년 11월 12일 09시,토요일,세종특별자치시 종촌동,6,건조,0,맑음,교차로 - 교차로횡단보도내,0,7,2
2022년 11월 12일 10시,토요일,세종특별자치시 다정동,6,건조,0,맑음,교차로 - 교차로안,0,0,1
2022년 11월 12일 18시,토요일,세종특별자치시 장군면,6,젖음/습기,1,비,교차로 - 교차로안,4,0,1
2022년 11월 13일 23시,일요일,세종특별자치시 조치원읍,0,건조,0,맑음,교차로 - 교차로부근,0,4,1
2022년 11월 14일 11시,월요일,세종특별자치시 가람동,1,건조,0,맑음,단일로 - 기타,0,1,1
2022년 11월 14일 12시,월요일,세종특별자치시 소담동,1,건조,0,맑음,단일로 - 터널,0,6,2
2022년 11월 14일 15시,월요일,세종특별자치시 나성동,1,건조,0,맑음,단일로 - 기타,0,1,2
2022년 11월 15일 14시,화요일,세종특별자치시 소담동,5,건조,0,맑음,교차로 - 교차로부근,0,4,1
2022년 11월 16일 08시,수요일,세종특별자치시 어진동,2,건조,0,맑음,단일로 - 기타,0,1,1
2022년 11월 16일 09시,수요일,세종특별자치시 소담동,2,건조,0,맑음,교차로 - 교차로부근,0,4,1
2022년 11월 16일 14시,수요일,세종특별자치시 다솜동,2,건조,0,흐림,교차로 - 교차로안,1,0,2
2022년 11월 16일 18시,수요일,세종특별자치시 연서면,2,건조,0,맑음,단일로 - 기타,0,1,2
2022년 11월 16일 19시,수요일,세종특별자치시 나성동,2,건조,0,맑음,교차로 - 교차로안,0,0,2
2022년 11월 17일 18시,목요일,세종특별자치시 금남면,3,건조,0,맑음,단일로 - 기타,0,1,1
2022년 11월 17일 18시,목요일,세종특별자치시 나성동,3,건조,0,맑음,교차로 - 교차로안,0,0,1
2022년 11월 18일 17시,금요일,세종특별자치시 새롬동,4,건조,0,맑음,단일로 - 기타,0,1,1
2022년 11월 18일 18시,금요일,세종특별자치시 다정동,4,건조,0,흐림,교차로 - 교차로안,1,0,1
2022년 11월 18일 18시,금요일,세종특별자치시 소담동,4,건조,0,맑음,교차로 - 교차로안,0,0,2
2022년 11월 18일 22시,금요일,세종특별자치시 조치원읍,4,건조,0,맑음,교차로 - 교차로부근,0,4,1
2022년 11월 18일 22시,금요일,세종특별자치시 도담동,4,건조,0,맑음,교차로 - 교차로안,0,0,2
2022년 11월 19일 12시,토요일,세종특별자치시 보람동,6,건조,0,맑음,기타 - 기타,0,2,1
2022년 11월 19일 13시,토요일,세종특별자치시 소정면,6,건조,0,맑음,단일로 - 교량,0,9,9
2022년 11월 19일 18시,토요일,세종특별자치시 새롬동,6,건조,0,맑음,교차로 - 교차로횡단보도내,0,7,1
2022년 11월 19일 22시,토요일,세종특별자치시 해밀동,6,건조,0,맑음,단일로 - 기타,0,1,1
2022년 11월 20일 16시,일요일,세종특별자치시 어진동,0,건조,0,맑음,단일로 - 기타,0,1,2
2022년 11월 21일 18시,월요일,세종특별자치시 어진동,1,건조,0,맑음,교차로 - 교차로횡단보도내,0,7,1
2022년 11월 22일 06시,화요일,세종특별자치시 나성동,5,건조,0,맑음,단일로 - 기타,0,1,1
2022년 11월 22일 10시,화요일,세종특별자치시 한솔동,5,건조,0,흐림,교차로 - 교차로횡단보도내,1,7,1
2022년 11월 22일 14시,화요일,세종특별자치시 나성동,5,건조,0,맑음,교차로 - 교차로안,0,0,1
2022년 11월 23일 06시,수요일,세종특별자치시 대평동,2,건조,0,맑음,교차로 - 교차로부근,0,4,5
2022년 11월 23일 10시,수요일,세종특별자치시 아름동,2,건조,0,맑음,단일로 - 지하차도(도로)내,0,8,1
2022년 11월 23일 18시,수요일,세종특별자치시 아름동,2,건조,0,맑음,단일로 - 기타,0,1,1
2022년 11월 24일 08시,목요일,세종특별자치시 소담동,3,건조,0,맑음,교차로 - 교차로안,0,0,1
2022년 11월 24일 08시,목요일,세종특별자치시 도담동,3,건조,0,맑음,단일로 - 기타,0,1,1
2022년 11월 24일 08시,목요일,세종특별자치시 대평동,3,건조,0,맑음,교차로 - 교차로부근,0,4,1
2022년 11월 24일 20시,목요일,세종특별자치시 조치원읍,3,건조,0,맑음,교차로 - 교차로부근,0,4,3
2022년 11월 25일 01시,금요일,세종특별자치시 가람동,4,건조,0,맑음,단일로 - 기타,0,1,1
2022년 11월 25일 08시,금요일,세종특별자치시 보람동,4,젖음/습기,1,안개,교차로 - 교차로부근,5,4,1
2022년 11월 25일 21시,금요일,세종특별자치시 어진동,4,건조,0,맑음,단일로 - 기타,0,1,1
2022년 11월 26일 17시,토요일,세종특별자치시 나성동,6,건조,0,맑음,교차로 - 교차로횡단보도내,0,7,1
2022년 11월 26일 19시,토요일,세종특별자치시 소담동,6,건조,0,기타,단일로 - 기타,3,1,1
2022년 11월 26일 21시,토요일,세종특별자치시 새롬동,6,건조,0,기타,교차로 - 교차로안,3,0,1
2022년 11월 27일 03시,일요일,세종특별자치시 나성동,0,건조,0,맑음,단일로 - 기타,0,1,2
2022년 11월 27일 13시,일요일,세종특별자치시 종촌동,0,건조,0,맑음,단일로 - 기타,0,1,3
2022년 11월 27일 15시,일요일,세종특별자치시 전의면,0,건조,0,맑음,단일로 - 기타,0,1,2
2022년 11월 27일 18시,일요일,세종특별자치시 반곡동,0,건조,0,맑음,교차로 - 교차로부근,0,4,2
2022년 11월 28일 05시,월요일,세종특별자치시 해밀동,1,건조,0,흐림,단일로 - 기타,1,1,2
2022년 11월 28일 16시,월요일,세종특별자치시 금남면,1,젖음/습기,1,흐림,단일로 - 기타,1,1,3
2022년 11월 28일 17시,월요일,세종특별자치시 나성동,1,건조,0,맑음,교차로 - 교차로안,0,0,2
2022년 11월 28일 18시,월요일,세종특별자치시 다정동,1,건조,0,맑음,단일로 - 터널,0,6,1
2022년 11월 28일 18시,월요일,세종특별자치시 새롬동,1,건조,0,맑음,교차로 - 교차로안,0,0,1
2022년 11월 29일 04시,화요일,세종특별자치시 조치원읍,5,젖음/습기,1,흐림,단일로 - 기타,1,1,1
2022년 11월 29일 07시,화요일,세종특별자치시 아름동,5,젖음/습기,1,비,교차로 - 교차로부근,4,4,2
2022년 11월 29일 08시,화요일,세종특별자치시 부강면,5,젖음/습기,1,흐림,기타 - 기타,1,2,1
2022년 11월 29일 13시,화요일,세종특별자치시 조치원읍,5,건조,0,맑음,단일로 - 기타,0,1,1
2022년 11월 29일 13시,화요일,세종특별자치시 대평동,5,건조,0,맑음,교차로 - 교차로안,0,0,1
2022년 11월 29일 17시,화요일,세종특별자치시 반곡동,5,건조,0,맑음,교차로 - 교차로안,0,0,1
2022년 11월 29일 22시,화요일,세종특별자치시 연동면,5,건조,0,맑음,교차로 - 교차로부근,0,4,2
2022년 11월 30일 18시,수요일,세종특별자치시 조치원읍,2,건조,0,맑음,교차로 - 교차로안,0,0,1
2022년 11월 30일 19시,수요일,세종특별자치시 아름동,2,건조,0,맑음,교차로 - 교차로부근,0,4,1
2022년 12월 1일 12시,목요일,세종특별자치시 나성동,3,건조,0,맑음,교차로 - 교차로부근,0,4,1
2022년 12월 1일 17시,목요일,세종특별자치시 조치원읍,3,건조,0,맑음,단일로 - 기타,0,1,1
2022년 12월 2일 09시,금요일,세종특별자치시 소담동,4,건조,0,맑음,교차로 - 교차로안,0,0,4
2022년 12월 2일 17시,금요일,세종특별자치시 도담동,4,건조,0,맑음,단일로 - 기타,0,1,1
2022년 12월 3일 06시,토요일,세종특별자치시 조치원읍,6,건조,0,맑음,교차로 - 교차로안,0,0,1
2022년 12월 3일 12시,토요일,세종특별자치시 아름동,6,건조,0,흐림,기타 - 기타,1,2,1
2022년 12월 4일 18시,일요일,세종특별자치시 다정동,0,건조,0,맑음,교차로 - 교차로안,0,0,2
2022년 12월 4일 23시,일요일,세종특별자치시 아름동,0,건조,0,맑음,단일로 - 기타,0,1,1
2022년 12월 5일 18시,월요일,세종특별자치시 도담동,1,건조,0,맑음,단일로 - 기타,0,1,1
2022년 12월 6일 18시,화요일,세종특별자치시 세종동,5,건조,0,맑음,주차장 - 주차장,0,5,1
2022년 12월 6일 23시,화요일,세종특별자치시 어진동,5,건조,0,흐림,단일로 - 기타,1,1,3
2022년 12월 7일 05시,수요일,세종특별자치시 금남면,2,서리/결빙,2,흐림,단일로 - 기타,1,1,3
2022년 12월 7일 05시,수요일,세종특별자치시 금남면,2,서리/결빙,2,흐림,단일로 - 기타,1,1,1
2022년 12월 7일 06시,수요일,세종특별자치시 아름동,2,서리/결빙,2,흐림,교차로 - 교차로안,1,0,1
2022년 12월 7일 06시,수요일,세종특별자치시 금남면,2,해빙,4,눈,단일로 - 기타,2,1,10
2022년 12월 7일 14시,수요일,세종특별자치시 조치원읍,2,건조,0,맑음,단일로 - 기타,0,1,1
2022년 12월 7일 16시,수요일,세종특별자치시 한솔동,2,건조,0,맑음,교차로 - 교차로안,0,0,1
2022년 12월 7일 23시,수요일,세종특별자치시 용호동,2,건조,0,맑음,교차로 - 교차로부근,0,4,1
2022년 12월 8일 18시,목요일,세종특별자치시 어진동,3,건조,0,맑음,단일로 - 기타,0,1,1
2022년 12월 9일 07시,금요일,세종특별자치시 소정면,4,건조,0,흐림,교차로 - 교차로안,1,0,1
2022년 12월 9일 11시,금요일,세종특별자치시 전동면,4,건조,0,맑음,단일로 - 기타,0,1,1
2022년 12월 9일 12시,금요일,세종특별자치시 세종동,4,건조,0,맑음,단일로 - 기타,0,1,2
2022년 12월 9일 15시,금요일,세종특별자치시 소담동,4,건조,0,맑음,교차로 - 교차로부근,0,4,1
2022년 12월 10일 07시,토요일,세종특별자치시 가람동,6,젖음/습기,1,안개,교차로 - 교차로횡단보도내,5,7,1
2022년 12월 10일 09시,토요일,세종특별자치시 연서면,6,젖음/습기,1,안개,단일로 - 기타,5,1,1
2022년 12월 10일 12시,토요일,세종특별자치시 아름동,6,건조,0,맑음,단일로 - 기타,0,1,1
2022년 12월 10일 18시,토요일,세종특별자치시 보람동,6,건조,0,맑음,단일로 - 기타,0,1,1
2022년 12월 11일 14시,일요일,세종특별자치시 장군면,0,건조,0,맑음,단일로 - 기타,0,1,2
2022년 12월 11일 14시,일요일,세종특별자치시 금남면,0,건조,0,맑음,교차로 - 교차로안,0,0,3
2022년 12월 11일 16시,일요일,세종특별자치시 조치원읍,0,건조,0,맑음,교차로 - 교차로부근,0,4,1
2022년 12월 12일 12시,월요일,세종특별자치시 금남면,1,건조,0,맑음,교차로 - 교차로부근,0,4,1
2022년 12월 12일 12시,월요일,세종특별자치시 아름동,1,건조,0,맑음,교차로 - 교차로안,0,0,1
2022년 12월 12일 17시,월요일,세종특별자치시 연기면,1,건조,0,맑음,기타 - 기타,0,2,1
2022년 12월 12일 19시,월요일,세종특별자치시 가람동,1,건조,0,맑음,교차로 - 교차로안,0,0,1
2022년 12월 13일 13시,화요일,세종특별자치시 조치원읍,5,젖음/습기,1,비,교차로 - 교차로안,4,0,1
2022년 12월 13일 17시,화요일,세종특별자치시 조치원읍,5,젖음/습기,1,눈,교차로 - 교차로안,2,0,1
2022년 12월 14일 08시,수요일,세종특별자치시 도담동,2,건조,0,맑음,교차로 - 교차로안,0,0,1
2022년 12월 14일 08시,수요일,세종특별자치시 고운동,2,적설,5,기타,단일로 - 기타,3,1,2
2022년 12월 15일 10시,목요일,세종특별자치시 조치원읍,3,건조,0,맑음,교차로 - 교차로부근,0,4,1
2022년 12월 15일 18시,목요일,세종특별자치시 고운동,3,적설,5,눈,교차로 - 교차로안,2,0,1
2022년 12월 15일 18시,목요일,세종특별자치시 새롬동,3,적설,5,눈,교차로 - 교차로부근,2,4,1
2022년 12월 16일 17시,금요일,세종특별자치시 연서면,4,젖음/습기,1,흐림,교차로 - 교차로부근,1,4,3
2022년 12월 17일 09시,토요일,세종특별자치시 해밀동,6,젖음/습기,1,눈,단일로 - 기타,2,1,1
2022년 12월 17일 14시,토요일,세종특별자치시 소담동,6,건조,0,맑음,교차로 - 교차로안,0,0,3
2022년 12월 19일 04시,월요일,세종특별자치시 연기면,1,서리/결빙,2,흐림,단일로 - 기타,1,1,1
2022년 12월 20일 08시,화요일,세종특별자치시 한별동,5,건조,0,맑음,단일로 - 기타,0,1,2
2022년 12월 20일 09시,화요일,세종특별자치시 어진동,5,건조,0,맑음,교차로 - 교차로안,0,0,1
2022년 12월 20일 18시,화요일,세종특별자치시 조치원읍,5,건조,0,맑음,단일로 - 기타,0,1,1
2022년 12월 22일 17시,목요일,세종특별자치시 보람동,3,적설,5,눈,교차로 - 교차로횡단보도내,2,7,1
2022년 12월 23일 06시,금요일,세종특별자치시 전동면,4,적설,5,눈,단일로 - 기타,2,1,1
2022년 12월 24일 10시,토요일,세종특별자치시 조치원읍,6,건조,0,맑음,교차로 - 교차로안,0,0,1
2022년 12월 24일 11시,토요일,세종특별자치시 다정동,6,건조,0,맑음,단일로 - 기타,0,1,1
2022년 12월 24일 12시,토요일,세종특별자치시 종촌동,6,건조,0,맑음,교차로 - 교차로부근,0,4,1
2022년 12월 25일 07시,일요일,세종특별자치시 다정동,0,건조,0,맑음,교차로 - 교차로부근,0,4,1
2022년 12월 25일 20시,일요일,세종특별자치시 대평동,0,건조,0,기타,교차로 - 교차로부근,3,4,1
2022년 12월 25일 21시,일요일,세종특별자치시 아름동,0,건조,0,기타,교차로 - 교차로안,3,0,1
2022년 12월 26일 06시,월요일,세종특별자치시 전의면,1,적설,5,눈,단일로 - 기타,2,1,1
2022년 12월 26일 07시,월요일,세종특별자치시 어진동,1,건조,0,흐림,교차로 - 교차로부근,1,4,2
2022년 12월 26일 11시,월요일,세종특별자치시 한별동,1,건조,0,맑음,단일로 - 기타,0,1,1
2022년 12월 26일 13시,월요일,세종특별자치시 조치원읍,1,건조,0,맑음,주차장 - 주차장,0,5,1
2022년 12월 26일 15시,월요일,세종특별자치시 조치원읍,1,건조,0,흐림,교차로 - 교차로안,1,0,1
2022년 12월 26일 17시,월요일,세종특별자치시 조치원읍,1,건조,0,맑음,교차로 - 교차로안,0,0,1
2022년 12월 26일 21시,월요일,세종특별자치시 조치원읍,1,서리/결빙,2,맑음,교차로 - 교차로부근,0,4,1
2022년 12월 27일 13시,화요일,세종특별자치시 아름동,5,건조,0,흐림,단일로 - 기타,1,1,1
2022년 12월 27일 18시,화요일,세종특별자치시 아름동,5,건조,0,맑음,교차로 - 교차로안,0,0,1
2022년 12월 27일 18시,화요일,세종특별자치시 나성동,5,건조,0,맑음,단일로 - 기타,0,1,1
2022년 12월 28일 01시,수요일,세종특별자치시 아름동,2,건조,0,흐림,단일로 - 기타,1,1,1
2022년 12월 28일 12시,수요일,세종특별자치시 조치원읍,2,건조,0,맑음,교차로 - 교차로안,0,0,1
2022년 12월 28일 13시,수요일,세종특별자치시 장군면,2,건조,0,맑음,단일로 - 기타,0,1,1
2022년 12월 28일 19시,수요일,세종특별자치시 조치원읍,2,건조,0,맑음,교차로 - 교차로부근,0,4,1
2022년 12월 28일 22시,수요일,세종특별자치시 반곡동,2,건조,0,맑음,교차로 - 교차로횡단보도내,0,7,1
2022년 12월 29일 14시,목요일,세종특별자치시 조치원읍,3,건조,0,맑음,교차로 - 교차로안,0,0,1
2022년 12월 29일 17시,목요일,세종특별자치시 한솔동,3,건조,0,맑음,교차로 - 교차로안,0,0,2
2022년 12월 30일 00시,금요일,세종특별자치시 조치원읍,4,건조,0,맑음,교차로 - 교차로부근,0,4,3
2022년 12월 30일 00시,금요일,세종특별자치시 금남면,4,건조,0,기타,단일로 - 기타,3,1,2
2022년 12월 30일 16시,금요일,세종특별자치시 아름동,4,건조,0,흐림,교차로 - 교차로부근,1,4,2
2022년 12월 30일 22시,금요일,세종특별자치시 소담동,4,건조,0,맑음,교차로 - 교차로안,0,0,2
2022년 12월 31일 09시,토요일,세종특별자치시 해밀동,6,건조,0,맑음,교차로 - 교차로안,0,0,2
